Node0,Node1,13
Node0,Node2,1
Node0,Node3,18
Node0,Node4,1
Node0,Node5,29
Node0,Node6,18
Node0,Node7,2
Node0,Node8,1
Node0,Node9,16
Node0,Node10,2
Node0,Node11,7
Node0,Node12,11
Node0,Node13,29
Node0,Node14,27
Node0,Node15,15
Node0,Node16,1
Node0,Node17,16
Node0,Node18,15
Node0,Node19,27
Node0,Node20,16
Node0,Node21,11
Node0,Node22,29
Node0,Node23,2
Node0,Node24,25
Node0,Node25,30
Node0,Node26,12
Node0,Node27,4
Node0,Node28,13
Node0,Node29,25
Node0,Node30,4
Node0,Node31,25
Node0,Node32,26
Node0,Node33,18
Node0,Node34,30
Node0,Node35,9
Node0,Node36,22
Node0,Node37,30
Node0,Node38,5
Node0,Node39,9
Node0,Node40,28
Node0,Node41,29
Node0,Node42,8
Node0,Node43,2
Node0,Node44,17
Node0,Node45,9
Node0,Node46,9
Node0,Node47,11
Node0,Node48,4
Node0,Node49,4
Node0,Node50,3
Node0,Node51,30
Node0,Node52,1
Node0,Node53,13
Node0,Node54,7
Node0,Node55,8
Node0,Node56,12
Node0,Node57,11
Node0,Node58,19
Node0,Node59,1
Node0,Node60,22
Node0,Node61,16
Node0,Node62,3
Node0,Node63,18
Node0,Node64,9
Node0,Node65,12
Node0,Node66,22
Node0,Node67,26
Node0,Node68,12
Node0,Node69,13
Node0,Node70,30
Node0,Node71,18
Node0,Node72,25
Node0,Node73,10
Node0,Node74,21
Node0,Node75,19
Node0,Node76,18
Node0,Node77,9
Node0,Node78,3
Node0,Node79,22
Node0,Node80,16
Node0,Node81,15
Node0,Node82,7
Node0,Node83,16
Node0,Node84,6
Node0,Node85,20
Node0,Node86,1
Node0,Node87,29
Node0,Node88,26
Node0,Node89,9
Node0,Node90,14
Node0,Node91,1
Node0,Node92,17
Node0,Node93,14
Node0,Node94,30
Node0,Node95,2
Node0,Node96,19
Node0,Node97,14
Node0,Node98,4
Node0,Node99,24
Node1,Node2,27
Node1,Node3,4
Node1,Node4,11
Node1,Node5,17
Node1,Node6,27
Node1,Node7,1
Node1,Node8,29
Node1,Node9,23
Node1,Node10,20
Node1,Node11,23
Node1,Node12,13
Node1,Node13,19
Node1,Node14,28
Node1,Node15,5
Node1,Node16,13
Node1,Node17,26
Node1,Node18,3
Node1,Node19,17
Node1,Node20,2
Node1,Node21,23
Node1,Node22,22
Node1,Node23,24
Node1,Node24,29
Node1,Node25,20
Node1,Node26,16
Node1,Node27,2
Node1,Node28,20
Node1,Node29,20
Node1,Node30,23
Node1,Node31,28
Node1,Node32,11
Node1,Node33,4
Node1,Node34,27
Node1,Node35,2
Node1,Node36,22
Node1,Node37,20
Node1,Node38,28
Node1,Node39,27
Node1,Node40,17
Node1,Node41,5
Node1,Node42,3
Node1,Node43,25
Node1,Node44,23
Node1,Node45,16
Node1,Node46,25
Node1,Node47,19
Node1,Node48,1
Node1,Node49,6
Node1,Node50,4
Node1,Node51,6
Node1,Node52,30
Node1,Node53,21
Node1,Node54,21
Node1,Node55,16
Node1,Node56,15
Node1,Node57,20
Node1,Node58,30
Node1,Node59,14
Node1,Node60,10
Node1,Node61,22
Node1,Node62,9
Node1,Node63,17
Node1,Node64,13
Node1,Node65,6
Node1,Node66,10
Node1,Node67,25
Node1,Node68,11
Node1,Node69,22
Node1,Node70,21
Node1,Node71,3
Node1,Node72,16
Node1,Node73,22
Node1,Node74,4
Node1,Node75,22
Node1,Node76,30
Node1,Node77,24
Node1,Node78,29
Node1,Node79,26
Node1,Node80,8
Node1,Node81,8
Node1,Node82,11
Node1,Node83,15
Node1,Node84,28
Node1,Node85,30
Node1,Node86,18
Node1,Node87,10
Node1,Node88,11
Node1,Node89,7
Node1,Node90,3
Node1,Node91,23
Node1,Node92,7
Node1,Node93,25
Node1,Node94,9
Node1,Node95,26
Node1,Node96,8
Node1,Node97,22
Node1,Node98,21
Node1,Node99,13
Node2,Node3,21
Node2,Node4,18
Node2,Node5,3
Node2,Node6,10
Node2,Node7,15
Node2,Node8,1
Node2,Node9,19
Node2,Node10,7
Node2,Node11,23
Node2,Node12,21
Node2,Node13,12
Node2,Node14,12
Node2,Node15,20
Node2,Node16,28
Node2,Node17,15
Node2,Node18,3
Node2,Node19,23
Node2,Node20,18
Node2,Node21,27
Node2,Node22,14
Node2,Node23,5
Node2,Node24,9
Node2,Node25,20
Node2,Node26,13
Node2,Node27,6
Node2,Node28,18
Node2,Node29,7
Node2,Node30,16
Node2,Node31,22
Node2,Node32,1
Node2,Node33,2
Node2,Node34,12
Node2,Node35,10
Node2,Node36,1
Node2,Node37,24
Node2,Node38,17
Node2,Node39,19
Node2,Node40,14
Node2,Node41,29
Node2,Node42,7
Node2,Node43,12
Node2,Node44,9
Node2,Node45,2
Node2,Node46,19
Node2,Node47,28
Node2,Node48,5
Node2,Node49,8
Node2,Node50,6
Node2,Node51,23
Node2,Node52,27
Node2,Node53,22
Node2,Node54,20
Node2,Node55,24
Node2,Node56,26
Node2,Node57,23
Node2,Node58,6
Node2,Node59,27
Node2,Node60,16
Node2,Node61,25
Node2,Node62,1
Node2,Node63,22
Node2,Node64,15
Node2,Node65,26
Node2,Node66,23
Node2,Node67,28
Node2,Node68,1
Node2,Node69,15
Node2,Node70,23
Node2,Node71,6
Node2,Node72,3
Node2,Node73,20
Node2,Node74,18
Node2,Node75,16
Node2,Node76,5
Node2,Node77,16
Node2,Node78,13
Node2,Node79,27
Node2,Node80,9
Node2,Node81,13
Node2,Node82,27
Node2,Node83,8
Node2,Node84,19
Node2,Node85,30
Node2,Node86,4
Node2,Node87,5
Node2,Node88,12
Node2,Node89,24
Node2,Node90,17
Node2,Node91,24
Node2,Node92,27
Node2,Node93,16
Node2,Node94,17
Node2,Node95,1
Node2,Node96,18
Node2,Node97,11
Node2,Node98,27
Node2,Node99,13
Node3,Node4,2
Node3,Node5,1
Node3,Node6,24
Node3,Node7,28
Node3,Node8,30
Node3,Node9,21
Node3,Node10,12
Node3,Node11,14
Node3,Node12,6
Node3,Node13,7
Node3,Node14,21
Node3,Node15,16
Node3,Node16,4
Node3,Node17,18
Node3,Node18,30
Node3,Node19,23
Node3,Node20,20
Node3,Node21,5
Node3,Node22,11
Node3,Node23,5
Node3,Node24,21
Node3,Node25,30
Node3,Node26,9
Node3,Node27,1
Node3,Node28,9
Node3,Node29,21
Node3,Node30,23
Node3,Node31,23
Node3,Node32,12
Node3,Node33,20
Node3,Node34,12
Node3,Node35,17
Node3,Node36,29
Node3,Node37,16
Node3,Node38,8
Node3,Node39,29
Node3,Node40,15
Node3,Node41,8
Node3,Node42,16
Node3,Node43,28
Node3,Node44,20
Node3,Node45,2
Node3,Node46,11
Node3,Node47,19
Node3,Node48,9
Node3,Node49,16
Node3,Node50,1
Node3,Node51,17
Node3,Node52,21
Node3,Node53,4
Node3,Node54,27
Node3,Node55,19
Node3,Node56,28
Node3,Node57,17
Node3,Node58,25
Node3,Node59,12
Node3,Node60,6
Node3,Node61,11
Node3,Node62,22
Node3,Node63,19
Node3,Node64,21
Node3,Node65,23
Node3,Node66,28
Node3,Node67,5
Node3,Node68,6
Node3,Node69,13
Node3,Node70,1
Node3,Node71,19
Node3,Node72,10
Node3,Node73,26
Node3,Node74,23
Node3,Node75,3
Node3,Node76,2
Node3,Node77,6
Node3,Node78,1
Node3,Node79,15
Node3,Node80,7
Node3,Node81,9
Node3,Node82,21
Node3,Node83,27
Node3,Node84,14
Node3,Node85,30
Node3,Node86,7
Node3,Node87,6
Node3,Node88,20
Node3,Node89,20
Node3,Node90,18
Node3,Node91,18
Node3,Node92,30
Node3,Node93,21
Node3,Node94,23
Node3,Node95,28
Node3,Node96,13
Node3,Node97,18
Node3,Node98,1
Node3,Node99,27
Node4,Node5,10
Node4,Node6,5
Node4,Node7,22
Node4,Node8,4
Node4,Node9,22
Node4,Node10,23
Node4,Node11,22
Node4,Node12,23
Node4,Node13,30
Node4,Node14,4
Node4,Node15,15
Node4,Node16,20
Node4,Node17,22
Node4,Node18,21
Node4,Node19,9
Node4,Node20,12
Node4,Node21,4
Node4,Node22,22
Node4,Node23,21
Node4,Node24,18
Node4,Node25,29
Node4,Node26,30
Node4,Node27,19
Node4,Node28,26
Node4,Node29,19
Node4,Node30,1
Node4,Node31,24
Node4,Node32,18
Node4,Node33,8
Node4,Node34,15
Node4,Node35,9
Node4,Node36,17
Node4,Node37,10
Node4,Node38,10
Node4,Node39,29
Node4,Node40,19
Node4,Node41,19
Node4,Node42,30
Node4,Node43,11
Node4,Node44,27
Node4,Node45,2
Node4,Node46,5
Node4,Node47,14
Node4,Node48,21
Node4,Node49,21
Node4,Node50,8
Node4,Node51,19
Node4,Node52,18
Node4,Node53,11
Node4,Node54,21
Node4,Node55,30
Node4,Node56,21
Node4,Node57,15
Node4,Node58,26
Node4,Node59,8
Node4,Node60,6
Node4,Node61,5
Node4,Node62,26
Node4,Node63,21
Node4,Node64,4
Node4,Node65,6
Node4,Node66,6
Node4,Node67,28
Node4,Node68,2
Node4,Node69,7
Node4,Node70,30
Node4,Node71,25
Node4,Node72,17
Node4,Node73,24
Node4,Node74,21
Node4,Node75,2
Node4,Node76,25
Node4,Node77,25
Node4,Node78,23
Node4,Node79,13
Node4,Node80,29
Node4,Node81,1
Node4,Node82,8
Node4,Node83,8
Node4,Node84,20
Node4,Node85,28
Node4,Node86,22
Node4,Node87,24
Node4,Node88,25
Node4,Node89,1
Node4,Node90,6
Node4,Node91,7
Node4,Node92,11
Node4,Node93,28
Node4,Node94,20
Node4,Node95,11
Node4,Node96,29
Node4,Node97,24
Node4,Node98,29
Node4,Node99,19
Node5,Node6,1
Node5,Node7,14
Node5,Node8,16
Node5,Node9,16
Node5,Node10,21
Node5,Node11,10
Node5,Node12,9
Node5,Node13,28
Node5,Node14,12
Node5,Node15,30
Node5,Node16,13
Node5,Node17,26
Node5,Node18,6
Node5,Node19,30
Node5,Node20,18
Node5,Node21,18
Node5,Node22,7
Node5,Node23,20
Node5,Node24,5
Node5,Node25,5
Node5,Node26,24
Node5,Node27,28
Node5,Node28,13
Node5,Node29,24
Node5,Node30,3
Node5,Node31,15
Node5,Node32,22
Node5,Node33,27
Node5,Node34,15
Node5,Node35,5
Node5,Node36,9
Node5,Node37,25
Node5,Node38,18
Node5,Node39,10
Node5,Node40,6
Node5,Node41,27
Node5,Node42,28
Node5,Node43,28
Node5,Node44,5
Node5,Node45,4
Node5,Node46,22
Node5,Node47,2
Node5,Node48,25
Node5,Node49,19
Node5,Node50,10
Node5,Node51,11
Node5,Node52,4
Node5,Node53,3
Node5,Node54,21
Node5,Node55,10
Node5,Node56,27
Node5,Node57,9
Node5,Node58,24
Node5,Node59,23
Node5,Node60,3
Node5,Node61,27
Node5,Node62,11
Node5,Node63,18
Node5,Node64,27
Node5,Node65,16
Node5,Node66,12
Node5,Node67,4
Node5,Node68,29
Node5,Node69,16
Node5,Node70,22
Node5,Node71,17
Node5,Node72,24
Node5,Node73,19
Node5,Node74,19
Node5,Node75,30
Node5,Node76,24
Node5,Node77,23
Node5,Node78,21
Node5,Node79,12
Node5,Node80,17
Node5,Node81,16
Node5,Node82,25
Node5,Node83,25
Node5,Node84,23
Node5,Node85,9
Node5,Node86,4
Node5,Node87,10
Node5,Node88,29
Node5,Node89,15
Node5,Node90,5
Node5,Node91,18
Node5,Node92,15
Node5,Node93,18
Node5,Node94,28
Node5,Node95,21
Node5,Node96,19
Node5,Node97,4
Node5,Node98,3
Node5,Node99,18
Node6,Node7,21
Node6,Node8,30
Node6,Node9,6
Node6,Node10,20
Node6,Node11,5
Node6,Node12,18
Node6,Node13,5
Node6,Node14,12
Node6,Node15,20
Node6,Node16,17
Node6,Node17,13
Node6,Node18,18
Node6,Node19,16
Node6,Node20,25
Node6,Node21,17
Node6,Node22,4
Node6,Node23,17
Node6,Node24,5
Node6,Node25,18
Node6,Node26,25
Node6,Node27,9
Node6,Node28,5
Node6,Node29,4
Node6,Node30,6
Node6,Node31,22
Node6,Node32,6
Node6,Node33,19
Node6,Node34,1
Node6,Node35,4
Node6,Node36,21
Node6,Node37,15
Node6,Node38,23
Node6,Node39,27
Node6,Node40,15
Node6,Node41,12
Node6,Node42,15
Node6,Node43,2
Node6,Node44,4
Node6,Node45,11
Node6,Node46,20
Node6,Node47,16
Node6,Node48,14
Node6,Node49,24
Node6,Node50,10
Node6,Node51,4
Node6,Node52,29
Node6,Node53,1
Node6,Node54,23
Node6,Node55,23
Node6,Node56,19
Node6,Node57,25
Node6,Node58,10
Node6,Node59,16
Node6,Node60,5
Node6,Node61,8
Node6,Node62,8
Node6,Node63,6
Node6,Node64,5
Node6,Node65,28
Node6,Node66,16
Node6,Node67,20
Node6,Node68,12
Node6,Node69,25
Node6,Node70,25
Node6,Node71,17
Node6,Node72,10
Node6,Node73,30
Node6,Node74,9
Node6,Node75,2
Node6,Node76,10
Node6,Node77,21
Node6,Node78,1
Node6,Node79,28
Node6,Node80,17
Node6,Node81,19
Node6,Node82,24
Node6,Node83,1
Node6,Node84,16
Node6,Node85,18
Node6,Node86,11
Node6,Node87,11
Node6,Node88,21
Node6,Node89,2
Node6,Node90,12
Node6,Node91,20
Node6,Node92,9
Node6,Node93,30
Node6,Node94,23
Node6,Node95,5
Node6,Node96,4
Node6,Node97,21
Node6,Node98,3
Node6,Node99,22
Node7,Node8,19
Node7,Node9,19
Node7,Node10,18
Node7,Node11,23
Node7,Node12,27
Node7,Node13,25
Node7,Node14,20
Node7,Node15,22
Node7,Node16,3
Node7,Node17,5
Node7,Node18,20
Node7,Node19,24
Node7,Node20,23
Node7,Node21,20
Node7,Node22,26
Node7,Node23,29
Node7,Node24,21
Node7,Node25,6
Node7,Node26,4
Node7,Node27,1
Node7,Node28,20
Node7,Node29,28
Node7,Node30,24
Node7,Node31,4
Node7,Node32,4
Node7,Node33,16
Node7,Node34,1
Node7,Node35,27
Node7,Node36,3
Node7,Node37,17
Node7,Node38,15
Node7,Node39,14
Node7,Node40,19
Node7,Node41,2
Node7,Node42,29
Node7,Node43,12
Node7,Node44,2
Node7,Node45,18
Node7,Node46,1
Node7,Node47,8
Node7,Node48,7
Node7,Node49,18
Node7,Node50,23
Node7,Node51,26
Node7,Node52,13
Node7,Node53,20
Node7,Node54,24
Node7,Node55,25
Node7,Node56,21
Node7,Node57,23
Node7,Node58,8
Node7,Node59,28
Node7,Node60,18
Node7,Node61,9
Node7,Node62,14
Node7,Node63,4
Node7,Node64,20
Node7,Node65,6
Node7,Node66,3
Node7,Node67,19
Node7,Node68,3
Node7,Node69,14
Node7,Node70,7
Node7,Node71,19
Node7,Node72,16
Node7,Node73,25
Node7,Node74,4
Node7,Node75,5
Node7,Node76,5
Node7,Node77,7
Node7,Node78,24
Node7,Node79,6
Node7,Node80,9
Node7,Node81,9
Node7,Node82,30
Node7,Node83,1
Node7,Node84,21
Node7,Node85,11
Node7,Node86,24
Node7,Node87,6
Node7,Node88,11
Node7,Node89,28
Node7,Node90,22
Node7,Node91,25
Node7,Node92,5
Node7,Node93,14
Node7,Node94,5
Node7,Node95,8
Node7,Node96,10
Node7,Node97,22
Node7,Node98,7
Node7,Node99,24
Node8,Node9,21
Node8,Node10,4
Node8,Node11,17
Node8,Node12,28
Node8,Node13,30
Node8,Node14,12
Node8,Node15,10
Node8,Node16,22
Node8,Node17,24
Node8,Node18,16
Node8,Node19,11
Node8,Node20,7
Node8,Node21,8
Node8,Node22,26
Node8,Node23,16
Node8,Node24,14
Node8,Node25,3
Node8,Node26,24
Node8,Node27,9
Node8,Node28,29
Node8,Node29,11
Node8,Node30,14
Node8,Node31,24
Node8,Node32,1
Node8,Node33,17
Node8,Node34,15
Node8,Node35,16
Node8,Node36,28
Node8,Node37,3
Node8,Node38,7
Node8,Node39,25
Node8,Node40,25
Node8,Node41,8
Node8,Node42,22
Node8,Node43,24
Node8,Node44,21
Node8,Node45,2
Node8,Node46,10
Node8,Node47,21
Node8,Node48,1
Node8,Node49,10
Node8,Node50,15
Node8,Node51,26
Node8,Node52,26
Node8,Node53,3
Node8,Node54,25
Node8,Node55,1
Node8,Node56,19
Node8,Node57,4
Node8,Node58,21
Node8,Node59,10
Node8,Node60,22
Node8,Node61,30
Node8,Node62,1
Node8,Node63,20
Node8,Node64,12
Node8,Node65,10
Node8,Node66,25
Node8,Node67,18
Node8,Node68,27
Node8,Node69,27
Node8,Node70,8
Node8,Node71,10
Node8,Node72,4
Node8,Node73,17
Node8,Node74,3
Node8,Node75,17
Node8,Node76,1
Node8,Node77,5
Node8,Node78,16
Node8,Node79,18
Node8,Node80,8
Node8,Node81,1
Node8,Node82,11
Node8,Node83,1
Node8,Node84,25
Node8,Node85,7
Node8,Node86,29
Node8,Node87,10
Node8,Node88,14
Node8,Node89,7
Node8,Node90,9
Node8,Node91,1
Node8,Node92,1
Node8,Node93,16
Node8,Node94,20
Node8,Node95,17
Node8,Node96,13
Node8,Node97,25
Node8,Node98,9
Node8,Node99,24
Node9,Node10,23
Node9,Node11,29
Node9,Node12,26
Node9,Node13,5
Node9,Node14,2
Node9,Node15,20
Node9,Node16,5
Node9,Node17,5
Node9,Node18,21
Node9,Node19,23
Node9,Node20,18
Node9,Node21,20
Node9,Node22,29
Node9,Node23,27
Node9,Node24,4
Node9,Node25,24
Node9,Node26,26
Node9,Node27,26
Node9,Node28,6
Node9,Node29,8
Node9,Node30,26
Node9,Node31,11
Node9,Node32,23
Node9,Node33,8
Node9,Node34,19
Node9,Node35,14
Node9,Node36,23
Node9,Node37,27
Node9,Node38,3
Node9,Node39,7
Node9,Node40,23
Node9,Node41,5
Node9,Node42,2
Node9,Node43,19
Node9,Node44,7
Node9,Node45,11
Node9,Node46,23
Node9,Node47,25
Node9,Node48,4
Node9,Node49,19
Node9,Node50,21
Node9,Node51,17
Node9,Node52,12
Node9,Node53,14
Node9,Node54,11
Node9,Node55,1
Node9,Node56,20
Node9,Node57,7
Node9,Node58,9
Node9,Node59,10
Node9,Node60,27
Node9,Node61,25
Node9,Node62,24
Node9,Node63,26
Node9,Node64,21
Node9,Node65,15
Node9,Node66,26
Node9,Node67,28
Node9,Node68,4
Node9,Node69,5
Node9,Node70,3
Node9,Node71,8
Node9,Node72,12
Node9,Node73,15
Node9,Node74,28
Node9,Node75,3
Node9,Node76,3
Node9,Node77,29
Node9,Node78,24
Node9,Node79,6
Node9,Node80,22
Node9,Node81,19
Node9,Node82,28
Node9,Node83,7
Node9,Node84,24
Node9,Node85,23
Node9,Node86,30
Node9,Node87,18
Node9,Node88,6
Node9,Node89,6
Node9,Node90,18
Node9,Node91,7
Node9,Node92,3
Node9,Node93,18
Node9,Node94,20
Node9,Node95,19
Node9,Node96,25
Node9,Node97,30
Node9,Node98,17
Node9,Node99,12
Node10,Node11,20
Node10,Node12,23
Node10,Node13,15
Node10,Node14,6
Node10,Node15,16
Node10,Node16,4
Node10,Node17,1
Node10,Node18,10
Node10,Node19,16
Node10,Node20,24
Node10,Node21,24
Node10,Node22,28
Node10,Node23,21
Node10,Node24,25
Node10,Node25,15
Node10,Node26,19
Node10,Node27,8
Node10,Node28,15
Node10,Node29,4
Node10,Node30,1
Node10,Node31,3
Node10,Node32,19
Node10,Node33,13
Node10,Node34,18
Node10,Node35,3
Node10,Node36,30
Node10,Node37,13
Node10,Node38,15
Node10,Node39,19
Node10,Node40,28
Node10,Node41,23
Node10,Node42,11
Node10,Node43,18
Node10,Node44,15
Node10,Node45,9
Node10,Node46,25
Node10,Node47,19
Node10,Node48,14
Node10,Node49,9
Node10,Node50,22
Node10,Node51,11
Node10,Node52,12
Node10,Node53,3
Node10,Node54,5
Node10,Node55,2
Node10,Node56,24
Node10,Node57,25
Node10,Node58,22
Node10,Node59,23
Node10,Node60,7
Node10,Node61,21
Node10,Node62,19
Node10,Node63,12
Node10,Node64,20
Node10,Node65,12
Node10,Node66,24
Node10,Node67,21
Node10,Node68,13
Node10,Node69,29
Node10,Node70,30
Node10,Node71,20
Node10,Node72,2
Node10,Node73,5
Node10,Node74,25
Node10,Node75,23
Node10,Node76,13
Node10,Node77,29
Node10,Node78,25
Node10,Node79,21
Node10,Node80,8
Node10,Node81,1
Node10,Node82,15
Node10,Node83,23
Node10,Node84,25
Node10,Node85,15
Node10,Node86,23
Node10,Node87,8
Node10,Node88,26
Node10,Node89,6
Node10,Node90,11
Node10,Node91,22
Node10,Node92,7
Node10,Node93,28
Node10,Node94,14
Node10,Node95,16
Node10,Node96,28
Node10,Node97,7
Node10,Node98,1
Node10,Node99,23
Node11,Node12,11
Node11,Node13,27
Node11,Node14,14
Node11,Node15,28
Node11,Node16,9
Node11,Node17,29
Node11,Node18,29
Node11,Node19,25
Node11,Node20,20
Node11,Node21,29
Node11,Node22,11
Node11,Node23,24
Node11,Node24,11
Node11,Node25,19
Node11,Node26,2
Node11,Node27,16
Node11,Node28,11
Node11,Node29,28
Node11,Node30,2
Node11,Node31,18
Node11,Node32,30
Node11,Node33,26
Node11,Node34,3
Node11,Node35,11
Node11,Node36,23
Node11,Node37,6
Node11,Node38,7
Node11,Node39,18
Node11,Node40,8
Node11,Node41,7
Node11,Node42,14
Node11,Node43,3
Node11,Node44,9
Node11,Node45,6
Node11,Node46,29
Node11,Node47,18
Node11,Node48,20
Node11,Node49,6
Node11,Node50,15
Node11,Node51,8
Node11,Node52,5
Node11,Node53,13
Node11,Node54,16
Node11,Node55,2
Node11,Node56,14
Node11,Node57,20
Node11,Node58,25
Node11,Node59,5
Node11,Node60,23
Node11,Node61,24
Node11,Node62,23
Node11,Node63,29
Node11,Node64,2
Node11,Node65,28
Node11,Node66,22
Node11,Node67,11
Node11,Node68,28
Node11,Node69,18
Node11,Node70,24
Node11,Node71,25
Node11,Node72,2
Node11,Node73,2
Node11,Node74,25
Node11,Node75,7
Node11,Node76,28
Node11,Node77,22
Node11,Node78,2
Node11,Node79,30
Node11,Node80,28
Node11,Node81,15
Node11,Node82,1
Node11,Node83,15
Node11,Node84,22
Node11,Node85,9
Node11,Node86,22
Node11,Node87,26
Node11,Node88,8
Node11,Node89,29
Node11,Node90,9
Node11,Node91,15
Node11,Node92,2
Node11,Node93,9
Node11,Node94,17
Node11,Node95,1
Node11,Node96,24
Node11,Node97,5
Node11,Node98,23
Node11,Node99,14
Node12,Node13,26
Node12,Node14,12
Node12,Node15,2
Node12,Node16,17
Node12,Node17,14
Node12,Node18,20
Node12,Node19,21
Node12,Node20,14
Node12,Node21,29
Node12,Node22,1
Node12,Node23,14
Node12,Node24,10
Node12,Node25,7
Node12,Node26,19
Node12,Node27,22
Node12,Node28,29
Node12,Node29,8
Node12,Node30,24
Node12,Node31,21
Node12,Node32,15
Node12,Node33,29
Node12,Node34,20
Node12,Node35,9
Node12,Node36,6
Node12,Node37,26
Node12,Node38,4
Node12,Node39,15
Node12,Node40,30
Node12,Node41,7
Node12,Node42,21
Node12,Node43,16
Node12,Node44,27
Node12,Node45,16
Node12,Node46,25
Node12,Node47,13
Node12,Node48,26
Node12,Node49,27
Node12,Node50,5
Node12,Node51,17
Node12,Node52,20
Node12,Node53,2
Node12,Node54,11
Node12,Node55,17
Node12,Node56,12
Node12,Node57,5
Node12,Node58,11
Node12,Node59,26
Node12,Node60,17
Node12,Node61,22
Node12,Node62,10
Node12,Node63,13
Node12,Node64,11
Node12,Node65,6
Node12,Node66,14
Node12,Node67,18
Node12,Node68,4
Node12,Node69,16
Node12,Node70,20
Node12,Node71,9
Node12,Node72,29
Node12,Node73,28
Node12,Node74,17
Node12,Node75,19
Node12,Node76,10
Node12,Node77,13
Node12,Node78,28
Node12,Node79,18
Node12,Node80,4
Node12,Node81,2
Node12,Node82,22
Node12,Node83,11
Node12,Node84,11
Node12,Node85,1
Node12,Node86,12
Node12,Node87,16
Node12,Node88,24
Node12,Node89,4
Node12,Node90,22
Node12,Node91,5
Node12,Node92,12
Node12,Node93,9
Node12,Node94,12
Node12,Node95,8
Node12,Node96,27
Node12,Node97,15
Node12,Node98,16
Node12,Node99,18
Node13,Node14,13
Node13,Node15,9
Node13,Node16,23
Node13,Node17,27
Node13,Node18,3
Node13,Node19,4
Node13,Node20,12
Node13,Node21,22
Node13,Node22,29
Node13,Node23,20
Node13,Node24,6
Node13,Node25,10
Node13,Node26,1
Node13,Node27,5
Node13,Node28,13
Node13,Node29,10
Node13,Node30,3
Node13,Node31,22
Node13,Node32,20
Node13,Node33,22
Node13,Node34,12
Node13,Node35,21
Node13,Node36,11
Node13,Node37,10
Node13,Node38,25
Node13,Node39,23
Node13,Node40,13
Node13,Node41,20
Node13,Node42,8
Node13,Node43,5
Node13,Node44,22
Node13,Node45,2
Node13,Node46,1
Node13,Node47,21
Node13,Node48,22
Node13,Node49,30
Node13,Node50,21
Node13,Node51,20
Node13,Node52,10
Node13,Node53,15
Node13,Node54,22
Node13,Node55,2
Node13,Node56,28
Node13,Node57,20
Node13,Node58,22
Node13,Node59,1
Node13,Node60,18
Node13,Node61,20
Node13,Node62,13
Node13,Node63,26
Node13,Node64,13
Node13,Node65,3
Node13,Node66,29
Node13,Node67,26
Node13,Node68,5
Node13,Node69,9
Node13,Node70,6
Node13,Node71,9
Node13,Node72,4
Node13,Node73,19
Node13,Node74,24
Node13,Node75,9
Node13,Node76,14
Node13,Node77,26
Node13,Node78,26
Node13,Node79,10
Node13,Node80,19
Node13,Node81,10
Node13,Node82,5
Node13,Node83,1
Node13,Node84,4
Node13,Node85,15
Node13,Node86,24
Node13,Node87,10
Node13,Node88,3
Node13,Node89,14
Node13,Node90,2
Node13,Node91,24
Node13,Node92,28
Node13,Node93,30
Node13,Node94,23
Node13,Node95,21
Node13,Node96,30
Node13,Node97,23
Node13,Node98,28
Node13,Node99,15
Node14,Node15,1
Node14,Node16,9
Node14,Node17,17
Node14,Node18,3
Node14,Node19,13
Node14,Node20,10
Node14,Node21,23
Node14,Node22,23
Node14,Node23,26
Node14,Node24,3
Node14,Node25,28
Node14,Node26,1
Node14,Node27,29
Node14,Node28,4
Node14,Node29,30
Node14,Node30,10
Node14,Node31,3
Node14,Node32,13
Node14,Node33,2
Node14,Node34,4
Node14,Node35,30
Node14,Node36,3
Node14,Node37,21
Node14,Node38,22
Node14,Node39,9
Node14,Node40,23
Node14,Node41,10
Node14,Node42,6
Node14,Node43,26
Node14,Node44,7
Node14,Node45,10
Node14,Node46,30
Node14,Node47,1
Node14,Node48,26
Node14,Node49,13
Node14,Node50,30
Node14,Node51,30
Node14,Node52,6
Node14,Node53,30
Node14,Node54,27
Node14,Node55,17
Node14,Node56,15
Node14,Node57,22
Node14,Node58,20
Node14,Node59,10
Node14,Node60,29
Node14,Node61,5
Node14,Node62,8
Node14,Node63,24
Node14,Node64,25
Node14,Node65,13
Node14,Node66,9
Node14,Node67,19
Node14,Node68,5
Node14,Node69,17
Node14,Node70,8
Node14,Node71,7
Node14,Node72,15
Node14,Node73,9
Node14,Node74,22
Node14,Node75,28
Node14,Node76,11
Node14,Node77,15
Node14,Node78,14
Node14,Node79,27
Node14,Node80,21
Node14,Node81,24
Node14,Node82,25
Node14,Node83,27
Node14,Node84,6
Node14,Node85,13
Node14,Node86,20
Node14,Node87,19
Node14,Node88,14
Node14,Node89,20
Node14,Node90,3
Node14,Node91,1
Node14,Node92,2
Node14,Node93,19
Node14,Node94,25
Node14,Node95,25
Node14,Node96,22
Node14,Node97,6
Node14,Node98,9
Node14,Node99,27
Node15,Node16,29
Node15,Node17,30
Node15,Node18,3
Node15,Node19,14
Node15,Node20,9
Node15,Node21,3
Node15,Node22,1
Node15,Node23,5
Node15,Node24,7
Node15,Node25,2
Node15,Node26,18
Node15,Node27,7
Node15,Node28,7
Node15,Node29,2
Node15,Node30,14
Node15,Node31,17
Node15,Node32,7
Node15,Node33,18
Node15,Node34,15
Node15,Node35,6
Node15,Node36,21
Node15,Node37,8
Node15,Node38,10
Node15,Node39,23
Node15,Node40,17
Node15,Node41,9
Node15,Node42,17
Node15,Node43,5
Node15,Node44,8
Node15,Node45,22
Node15,Node46,6
Node15,Node47,26
Node15,Node48,16
Node15,Node49,3
Node15,Node50,6
Node15,Node51,20
Node15,Node52,1
Node15,Node53,13
Node15,Node54,11
Node15,Node55,17
Node15,Node56,2
Node15,Node57,16
Node15,Node58,9
Node15,Node59,17
Node15,Node60,14
Node15,Node61,19
Node15,Node62,12
Node15,Node63,23
Node15,Node64,30
Node15,Node65,6
Node15,Node66,13
Node15,Node67,7
Node15,Node68,13
Node15,Node69,14
Node15,Node70,1
Node15,Node71,14
Node15,Node72,21
Node15,Node73,27
Node15,Node74,18
Node15,Node75,13
Node15,Node76,27
Node15,Node77,12
Node15,Node78,4
Node15,Node79,1
Node15,Node80,17
Node15,Node81,12
Node15,Node82,30
Node15,Node83,14
Node15,Node84,14
Node15,Node85,10
Node15,Node86,17
Node15,Node87,2
Node15,Node88,4
Node15,Node89,20
Node15,Node90,5
Node15,Node91,18
Node15,Node92,6
Node15,Node93,15
Node15,Node94,9
Node15,Node95,6
Node15,Node96,20
Node15,Node97,5
Node15,Node98,23
Node15,Node99,7
Node16,Node17,26
Node16,Node18,21
Node16,Node19,22
Node16,Node20,24
Node16,Node21,6
Node16,Node22,6
Node16,Node23,25
Node16,Node24,2
Node16,Node25,17
Node16,Node26,15
Node16,Node27,20
Node16,Node28,21
Node16,Node29,15
Node16,Node30,28
Node16,Node31,17
Node16,Node32,25
Node16,Node33,1
Node16,Node34,15
Node16,Node35,18
Node16,Node36,1
Node16,Node37,14
Node16,Node38,12
Node16,Node39,30
Node16,Node40,11
Node16,Node41,16
Node16,Node42,6
Node16,Node43,6
Node16,Node44,9
Node16,Node45,1
Node16,Node46,8
Node16,Node47,23
Node16,Node48,11
Node16,Node49,13
Node16,Node50,16
Node16,Node51,14
Node16,Node52,11
Node16,Node53,25
Node16,Node54,25
Node16,Node55,4
Node16,Node56,14
Node16,Node57,16
Node16,Node58,27
Node16,Node59,18
Node16,Node60,14
Node16,Node61,7
Node16,Node62,3
Node16,Node63,25
Node16,Node64,14
Node16,Node65,18
Node16,Node66,20
Node16,Node67,14
Node16,Node68,24
Node16,Node69,5
Node16,Node70,7
Node16,Node71,3
Node16,Node72,21
Node16,Node73,24
Node16,Node74,2
Node16,Node75,26
Node16,Node76,19
Node16,Node77,15
Node16,Node78,17
Node16,Node79,20
Node16,Node80,18
Node16,Node81,4
Node16,Node82,13
Node16,Node83,23
Node16,Node84,16
Node16,Node85,13
Node16,Node86,5
Node16,Node87,26
Node16,Node88,16
Node16,Node89,21
Node16,Node90,9
Node16,Node91,10
Node16,Node92,6
Node16,Node93,17
Node16,Node94,20
Node16,Node95,2
Node16,Node96,13
Node16,Node97,13
Node16,Node98,28
Node16,Node99,7
Node17,Node18,5
Node17,Node19,28
Node17,Node20,30
Node17,Node21,17
Node17,Node22,22
Node17,Node23,22
Node17,Node24,22
Node17,Node25,20
Node17,Node26,2
Node17,Node27,12
Node17,Node28,13
Node17,Node29,17
Node17,Node30,13
Node17,Node31,16
Node17,Node32,23
Node17,Node33,21
Node17,Node34,4
Node17,Node35,18
Node17,Node36,1
Node17,Node37,21
Node17,Node38,9
Node17,Node39,29
Node17,Node40,5
Node17,Node41,25
Node17,Node42,16
Node17,Node43,8
Node17,Node44,20
Node17,Node45,8
Node17,Node46,7
Node17,Node47,12
Node17,Node48,5
Node17,Node49,13
Node17,Node50,10
Node17,Node51,18
Node17,Node52,19
Node17,Node53,8
Node17,Node54,30
Node17,Node55,19
Node17,Node56,4
Node17,Node57,30
Node17,Node58,5
Node17,Node59,13
Node17,Node60,2
Node17,Node61,23
Node17,Node62,23
Node17,Node63,15
Node17,Node64,5
Node17,Node65,8
Node17,Node66,16
Node17,Node67,6
Node17,Node68,3
Node17,Node69,28
Node17,Node70,5
Node17,Node71,16
Node17,Node72,27
Node17,Node73,10
Node17,Node74,20
Node17,Node75,5
Node17,Node76,7
Node17,Node77,20
Node17,Node78,10
Node17,Node79,8
Node17,Node80,30
Node17,Node81,9
Node17,Node82,16
Node17,Node83,12
Node17,Node84,4
Node17,Node85,28
Node17,Node86,2
Node17,Node87,14
Node17,Node88,9
Node17,Node89,24
Node17,Node90,1
Node17,Node91,12
Node17,Node92,1
Node17,Node93,25
Node17,Node94,15
Node17,Node95,7
Node17,Node96,20
Node17,Node97,20
Node17,Node98,16
Node17,Node99,3
Node18,Node19,22
Node18,Node20,6
Node18,Node21,28
Node18,Node22,3
Node18,Node23,21
Node18,Node24,20
Node18,Node25,26
Node18,Node26,1
Node18,Node27,3
Node18,Node28,7
Node18,Node29,29
Node18,Node30,21
Node18,Node31,8
Node18,Node32,23
Node18,Node33,27
Node18,Node34,17
Node18,Node35,26
Node18,Node36,4
Node18,Node37,7
Node18,Node38,30
Node18,Node39,9
Node18,Node40,9
Node18,Node41,25
Node18,Node42,23
Node18,Node43,16
Node18,Node44,4
Node18,Node45,24
Node18,Node46,2
Node18,Node47,13
Node18,Node48,1
Node18,Node49,7
Node18,Node50,4
Node18,Node51,26
Node18,Node52,17
Node18,Node53,22
Node18,Node54,3
Node18,Node55,18
Node18,Node56,29
Node18,Node57,12
Node18,Node58,22
Node18,Node59,1
Node18,Node60,26
Node18,Node61,26
Node18,Node62,4
Node18,Node63,20
Node18,Node64,28
Node18,Node65,16
Node18,Node66,1
Node18,Node67,10
Node18,Node68,10
Node18,Node69,25
Node18,Node70,26
Node18,Node71,1
Node18,Node72,15
Node18,Node73,26
Node18,Node74,1
Node18,Node75,2
Node18,Node76,25
Node18,Node77,16
Node18,Node78,12
Node18,Node79,2
Node18,Node80,8
Node18,Node81,1
Node18,Node82,26
Node18,Node83,9
Node18,Node84,11
Node18,Node85,10
Node18,Node86,9
Node18,Node87,5
Node18,Node88,10
Node18,Node89,26
Node18,Node90,20
Node18,Node91,2
Node18,Node92,23
Node18,Node93,20
Node18,Node94,10
Node18,Node95,25
Node18,Node96,19
Node18,Node97,20
Node18,Node98,19
Node18,Node99,14
Node19,Node20,7
Node19,Node21,1
Node19,Node22,11
Node19,Node23,6
Node19,Node24,19
Node19,Node25,10
Node19,Node26,12
Node19,Node27,30
Node19,Node28,15
Node19,Node29,12
Node19,Node30,4
Node19,Node31,20
Node19,Node32,10
Node19,Node33,17
Node19,Node34,20
Node19,Node35,25
Node19,Node36,3
Node19,Node37,5
Node19,Node38,30
Node19,Node39,28
Node19,Node40,17
Node19,Node41,21
Node19,Node42,16
Node19,Node43,17
Node19,Node44,2
Node19,Node45,13
Node19,Node46,24
Node19,Node47,26
Node19,Node48,20
Node19,Node49,12
Node19,Node50,27
Node19,Node51,4
Node19,Node52,25
Node19,Node53,10
Node19,Node54,22
Node19,Node55,18
Node19,Node56,16
Node19,Node57,21
Node19,Node58,25
Node19,Node59,30
Node19,Node60,8
Node19,Node61,19
Node19,Node62,18
Node19,Node63,1
Node19,Node64,28
Node19,Node65,1
Node19,Node66,28
Node19,Node67,15
Node19,Node68,27
Node19,Node69,2
Node19,Node70,8
Node19,Node71,1
Node19,Node72,8
Node19,Node73,1
Node19,Node74,21
Node19,Node75,19
Node19,Node76,23
Node19,Node77,26
Node19,Node78,4
Node19,Node79,2
Node19,Node80,14
Node19,Node81,17
Node19,Node82,26
Node19,Node83,19
Node19,Node84,19
Node19,Node85,26
Node19,Node86,7
Node19,Node87,22
Node19,Node88,30
Node19,Node89,30
Node19,Node90,4
Node19,Node91,5
Node19,Node92,3
Node19,Node93,3
Node19,Node94,8
Node19,Node95,30
Node19,Node96,29
Node19,Node97,13
Node19,Node98,15
Node19,Node99,17
Node20,Node21,7
Node20,Node22,22
Node20,Node23,30
Node20,Node24,17
Node20,Node25,29
Node20,Node26,6
Node20,Node27,6
Node20,Node28,2
Node20,Node29,13
Node20,Node30,9
Node20,Node31,20
Node20,Node32,30
Node20,Node33,18
Node20,Node34,20
Node20,Node35,20
Node20,Node36,28
Node20,Node37,19
Node20,Node38,12
Node20,Node39,7
Node20,Node40,28
Node20,Node41,23
Node20,Node42,17
Node20,Node43,9
Node20,Node44,6
Node20,Node45,16
Node20,Node46,7
Node20,Node47,8
Node20,Node48,15
Node20,Node49,9
Node20,Node50,30
Node20,Node51,6
Node20,Node52,29
Node20,Node53,14
Node20,Node54,4
Node20,Node55,28
Node20,Node56,10
Node20,Node57,30
Node20,Node58,30
Node20,Node59,23
Node20,Node60,13
Node20,Node61,4
Node20,Node62,24
Node20,Node63,1
Node20,Node64,15
Node20,Node65,6
Node20,Node66,9
Node20,Node67,10
Node20,Node68,27
Node20,Node69,17
Node20,Node70,11
Node20,Node71,2
Node20,Node72,21
Node20,Node73,1
Node20,Node74,22
Node20,Node75,14
Node20,Node76,13
Node20,Node77,10
Node20,Node78,19
Node20,Node79,10
Node20,Node80,27
Node20,Node81,18
Node20,Node82,9
Node20,Node83,7
Node20,Node84,12
Node20,Node85,23
Node20,Node86,14
Node20,Node87,9
Node20,Node88,27
Node20,Node89,12
Node20,Node90,10
Node20,Node91,8
Node20,Node92,10
Node20,Node93,14
Node20,Node94,20
Node20,Node95,29
Node20,Node96,19
Node20,Node97,2
Node20,Node98,29
Node20,Node99,27
Node21,Node22,1
Node21,Node23,25
Node21,Node24,4
Node21,Node25,30
Node21,Node26,29
Node21,Node27,18
Node21,Node28,25
Node21,Node29,3
Node21,Node30,11
Node21,Node31,28
Node21,Node32,22
Node21,Node33,12
Node21,Node34,5
Node21,Node35,20
Node21,Node36,29
Node21,Node37,28
Node21,Node38,11
Node21,Node39,18
Node21,Node40,18
Node21,Node41,23
Node21,Node42,10
Node21,Node43,19
Node21,Node44,29
Node21,Node45,23
Node21,Node46,18
Node21,Node47,17
Node21,Node48,19
Node21,Node49,12
Node21,Node50,12
Node21,Node51,19
Node21,Node52,21
Node21,Node53,17
Node21,Node54,21
Node21,Node55,16
Node21,Node56,8
Node21,Node57,19
Node21,Node58,20
Node21,Node59,6
Node21,Node60,27
Node21,Node61,11
Node21,Node62,19
Node21,Node63,19
Node21,Node64,2
Node21,Node65,7
Node21,Node66,9
Node21,Node67,13
Node21,Node68,25
Node21,Node69,6
Node21,Node70,10
Node21,Node71,14
Node21,Node72,13
Node21,Node73,2
Node21,Node74,4
Node21,Node75,10
Node21,Node76,19
Node21,Node77,16
Node21,Node78,26
Node21,Node79,4
Node21,Node80,21
Node21,Node81,7
Node21,Node82,16
Node21,Node83,7
Node21,Node84,7
Node21,Node85,27
Node21,Node86,15
Node21,Node87,3
Node21,Node88,16
Node21,Node89,23
Node21,Node90,26
Node21,Node91,25
Node21,Node92,12
Node21,Node93,22
Node21,Node94,9
Node21,Node95,22
Node21,Node96,23
Node21,Node97,15
Node21,Node98,9
Node21,Node99,11
Node22,Node23,4
Node22,Node24,5
Node22,Node25,3
Node22,Node26,16
Node22,Node27,5
Node22,Node28,29
Node22,Node29,28
Node22,Node30,3
Node22,Node31,17
Node22,Node32,17
Node22,Node33,29
Node22,Node34,24
Node22,Node35,10
Node22,Node36,12
Node22,Node37,4
Node22,Node38,30
Node22,Node39,8
Node22,Node40,25
Node22,Node41,22
Node22,Node42,18
Node22,Node43,8
Node22,Node44,11
Node22,Node45,30
Node22,Node46,13
Node22,Node47,10
Node22,Node48,5
Node22,Node49,17
Node22,Node50,25
Node22,Node51,10
Node22,Node52,10
Node22,Node53,13
Node22,Node54,11
Node22,Node55,13
Node22,Node56,24
Node22,Node57,27
Node22,Node58,4
Node22,Node59,3
Node22,Node60,26
Node22,Node61,19
Node22,Node62,19
Node22,Node63,9
Node22,Node64,23
Node22,Node65,2
Node22,Node66,13
Node22,Node67,13
Node22,Node68,27
Node22,Node69,15
Node22,Node70,7
Node22,Node71,12
Node22,Node72,26
Node22,Node73,4
Node22,Node74,21
Node22,Node75,23
Node22,Node76,28
Node22,Node77,13
Node22,Node78,26
Node22,Node79,27
Node22,Node80,4
Node22,Node81,16
Node22,Node82,15
Node22,Node83,21
Node22,Node84,5
Node22,Node85,1
Node22,Node86,6
Node22,Node87,11
Node22,Node88,3
Node22,Node89,24
Node22,Node90,4
Node22,Node91,13
Node22,Node92,11
Node22,Node93,29
Node22,Node94,30
Node22,Node95,4
Node22,Node96,26
Node22,Node97,9
Node22,Node98,14
Node22,Node99,21
Node23,Node24,3
Node23,Node25,24
Node23,Node26,22
Node23,Node27,22
Node23,Node28,28
Node23,Node29,22
Node23,Node30,11
Node23,Node31,20
Node23,Node32,27
Node23,Node33,24
Node23,Node34,9
Node23,Node35,27
Node23,Node36,1
Node23,Node37,23
Node23,Node38,16
Node23,Node39,8
Node23,Node40,29
Node23,Node41,4
Node23,Node42,29
Node23,Node43,24
Node23,Node44,24
Node23,Node45,27
Node23,Node46,17
Node23,Node47,28
Node23,Node48,5
Node23,Node49,2
Node23,Node50,11
Node23,Node51,23
Node23,Node52,30
Node23,Node53,3
Node23,Node54,23
Node23,Node55,16
Node23,Node56,30
Node23,Node57,24
Node23,Node58,2
Node23,Node59,8
Node23,Node60,2
Node23,Node61,4
Node23,Node62,9
Node23,Node63,28
Node23,Node64,29
Node23,Node65,3
Node23,Node66,28
Node23,Node67,20
Node23,Node68,26
Node23,Node69,8
Node23,Node70,2
Node23,Node71,4
Node23,Node72,13
Node23,Node73,1
Node23,Node74,23
Node23,Node75,2
Node23,Node76,1
Node23,Node77,28
Node23,Node78,30
Node23,Node79,23
Node23,Node80,29
Node23,Node81,16
Node23,Node82,28
Node23,Node83,19
Node23,Node84,5
Node23,Node85,15
Node23,Node86,11
Node23,Node87,11
Node23,Node88,7
Node23,Node89,25
Node23,Node90,4
Node23,Node91,21
Node23,Node92,22
Node23,Node93,22
Node23,Node94,9
Node23,Node95,19
Node23,Node96,13
Node23,Node97,15
Node23,Node98,21
Node23,Node99,15
Node24,Node25,12
Node24,Node26,20
Node24,Node27,2
Node24,Node28,23
Node24,Node29,10
Node24,Node30,21
Node24,Node31,7
Node24,Node32,1
Node24,Node33,30
Node24,Node34,18
Node24,Node35,18
Node24,Node36,25
Node24,Node37,23
Node24,Node38,2
Node24,Node39,18
Node24,Node40,3
Node24,Node41,7
Node24,Node42,7
Node24,Node43,29
Node24,Node44,11
Node24,Node45,23
Node24,Node46,13
Node24,Node47,12
Node24,Node48,25
Node24,Node49,12
Node24,Node50,5
Node24,Node51,27
Node24,Node52,16
Node24,Node53,25
Node24,Node54,12
Node24,Node55,10
Node24,Node56,2
Node24,Node57,19
Node24,Node58,25
Node24,Node59,25
Node24,Node60,10
Node24,Node61,28
Node24,Node62,2
Node24,Node63,10
Node24,Node64,23
Node24,Node65,5
Node24,Node66,23
Node24,Node67,4
Node24,Node68,2
Node24,Node69,19
Node24,Node70,21
Node24,Node71,15
Node24,Node72,13
Node24,Node73,4
Node24,Node74,8
Node24,Node75,13
Node24,Node76,21
Node24,Node77,16
Node24,Node78,3
Node24,Node79,3
Node24,Node80,1
Node24,Node81,27
Node24,Node82,8
Node24,Node83,27
Node24,Node84,11
Node24,Node85,20
Node24,Node86,17
Node24,Node87,20
Node24,Node88,5
Node24,Node89,14
Node24,Node90,14
Node24,Node91,9
Node24,Node92,10
Node24,Node93,29
Node24,Node94,25
Node24,Node95,20
Node24,Node96,24
Node24,Node97,10
Node24,Node98,4
Node24,Node99,24
Node25,Node26,24
Node25,Node27,1
Node25,Node28,27
Node25,Node29,14
Node25,Node30,28
Node25,Node31,9
Node25,Node32,15
Node25,Node33,24
Node25,Node34,11
Node25,Node35,30
Node25,Node36,24
Node25,Node37,19
Node25,Node38,21
Node25,Node39,1
Node25,Node40,13
Node25,Node41,8
Node25,Node42,21
Node25,Node43,15
Node25,Node44,5
Node25,Node45,22
Node25,Node46,25
Node25,Node47,24
Node25,Node48,29
Node25,Node49,29
Node25,Node50,24
Node25,Node51,16
Node25,Node52,23
Node25,Node53,21
Node25,Node54,22
Node25,Node55,20
Node25,Node56,5
Node25,Node57,9
Node25,Node58,30
Node25,Node59,6
Node25,Node60,29
Node25,Node61,13
Node25,Node62,24
Node25,Node63,27
Node25,Node64,12
Node25,Node65,7
Node25,Node66,11
Node25,Node67,26
Node25,Node68,21
Node25,Node69,29
Node25,Node70,12
Node25,Node71,2
Node25,Node72,28
Node25,Node73,29
Node25,Node74,23
Node25,Node75,5
Node25,Node76,14
Node25,Node77,7
Node25,Node78,14
Node25,Node79,1
Node25,Node80,17
Node25,Node81,4
Node25,Node82,24
Node25,Node83,16
Node25,Node84,2
Node25,Node85,6
Node25,Node86,16
Node25,Node87,9
Node25,Node88,26
Node25,Node89,1
Node25,Node90,14
Node25,Node91,21
Node25,Node92,23
Node25,Node93,27
Node25,Node94,19
Node25,Node95,7
Node25,Node96,14
Node25,Node97,21
Node25,Node98,25
Node25,Node99,3
Node26,Node27,9
Node26,Node28,24
Node26,Node29,29
Node26,Node30,16
Node26,Node31,22
Node26,Node32,29
Node26,Node33,11
Node26,Node34,1
Node26,Node35,12
Node26,Node36,3
Node26,Node37,22
Node26,Node38,19
Node26,Node39,19
Node26,Node40,5
Node26,Node41,10
Node26,Node42,21
Node26,Node43,7
Node26,Node44,23
Node26,Node45,15
Node26,Node46,11
Node26,Node47,29
Node26,Node48,1
Node26,Node49,25
Node26,Node50,29
Node26,Node51,15
Node26,Node52,7
Node26,Node53,17
Node26,Node54,26
Node26,Node55,28
Node26,Node56,13
Node26,Node57,12
Node26,Node58,7
Node26,Node59,15
Node26,Node60,10
Node26,Node61,17
Node26,Node62,10
Node26,Node63,18
Node26,Node64,6
Node26,Node65,22
Node26,Node66,16
Node26,Node67,3
Node26,Node68,19
Node26,Node69,4
Node26,Node70,2
Node26,Node71,28
Node26,Node72,28
Node26,Node73,16
Node26,Node74,20
Node26,Node75,28
Node26,Node76,7
Node26,Node77,11
Node26,Node78,14
Node26,Node79,6
Node26,Node80,6
Node26,Node81,5
Node26,Node82,15
Node26,Node83,6
Node26,Node84,11
Node26,Node85,12
Node26,Node86,23
Node26,Node87,10
Node26,Node88,15
Node26,Node89,17
Node26,Node90,14
Node26,Node91,20
Node26,Node92,24
Node26,Node93,27
Node26,Node94,20
Node26,Node95,29
Node26,Node96,5
Node26,Node97,11
Node26,Node98,14
Node26,Node99,5
Node27,Node28,10
Node27,Node29,12
Node27,Node30,9
Node27,Node31,19
Node27,Node32,18
Node27,Node33,22
Node27,Node34,10
Node27,Node35,8
Node27,Node36,22
Node27,Node37,20
Node27,Node38,5
Node27,Node39,1
Node27,Node40,18
Node27,Node41,29
Node27,Node42,15
Node27,Node43,9
Node27,Node44,26
Node27,Node45,13
Node27,Node46,9
Node27,Node47,5
Node27,Node48,5
Node27,Node49,15
Node27,Node50,29
Node27,Node51,30
Node27,Node52,15
Node27,Node53,12
Node27,Node54,4
Node27,Node55,10
Node27,Node56,29
Node27,Node57,17
Node27,Node58,17
Node27,Node59,5
Node27,Node60,10
Node27,Node61,25
Node27,Node62,13
Node27,Node63,19
Node27,Node64,13
Node27,Node65,26
Node27,Node66,14
Node27,Node67,20
Node27,Node68,21
Node27,Node69,18
Node27,Node70,6
Node27,Node71,22
Node27,Node72,11
Node27,Node73,11
Node27,Node74,21
Node27,Node75,24
Node27,Node76,5
Node27,Node77,5
Node27,Node78,4
Node27,Node79,4
Node27,Node80,6
Node27,Node81,28
Node27,Node82,26
Node27,Node83,19
Node27,Node84,6
Node27,Node85,29
Node27,Node86,17
Node27,Node87,17
Node27,Node88,28
Node27,Node89,28
Node27,Node90,19
Node27,Node91,12
Node27,Node92,7
Node27,Node93,16
Node27,Node94,22
Node27,Node95,8
Node27,Node96,12
Node27,Node97,18
Node27,Node98,12
Node27,Node99,15
Node28,Node29,8
Node28,Node30,18
Node28,Node31,8
Node28,Node32,22
Node28,Node33,7
Node28,Node34,14
Node28,Node35,16
Node28,Node36,2
Node28,Node37,19
Node28,Node38,24
Node28,Node39,10
Node28,Node40,1
Node28,Node41,14
Node28,Node42,8
Node28,Node43,20
Node28,Node44,4
Node28,Node45,25
Node28,Node46,20
Node28,Node47,30
Node28,Node48,16
Node28,Node49,13
Node28,Node50,23
Node28,Node51,8
Node28,Node52,9
Node28,Node53,4
Node28,Node54,22
Node28,Node55,11
Node28,Node56,30
Node28,Node57,28
Node28,Node58,17
Node28,Node59,15
Node28,Node60,23
Node28,Node61,14
Node28,Node62,11
Node28,Node63,25
Node28,Node64,3
Node28,Node65,13
Node28,Node66,2
Node28,Node67,25
Node28,Node68,5
Node28,Node69,25
Node28,Node70,20
Node28,Node71,13
Node28,Node72,8
Node28,Node73,5
Node28,Node74,29
Node28,Node75,26
Node28,Node76,5
Node28,Node77,9
Node28,Node78,13
Node28,Node79,26
Node28,Node80,9
Node28,Node81,17
Node28,Node82,26
Node28,Node83,6
Node28,Node84,22
Node28,Node85,14
Node28,Node86,9
Node28,Node87,28
Node28,Node88,4
Node28,Node89,4
Node28,Node90,5
Node28,Node91,20
Node28,Node92,22
Node28,Node93,26
Node28,Node94,30
Node28,Node95,6
Node28,Node96,21
Node28,Node97,7
Node28,Node98,29
Node28,Node99,29
Node29,Node30,10
Node29,Node31,29
Node29,Node32,26
Node29,Node33,14
Node29,Node34,13
Node29,Node35,5
Node29,Node36,28
Node29,Node37,21
Node29,Node38,20
Node29,Node39,28
Node29,Node40,9
Node29,Node41,9
Node29,Node42,25
Node29,Node43,13
Node29,Node44,9
Node29,Node45,11
Node29,Node46,2
Node29,Node47,26
Node29,Node48,24
Node29,Node49,9
Node29,Node50,15
Node29,Node51,21
Node29,Node52,10
Node29,Node53,9
Node29,Node54,6
Node29,Node55,2
Node29,Node56,26
Node29,Node57,27
Node29,Node58,17
Node29,Node59,16
Node29,Node60,20
Node29,Node61,3
Node29,Node62,1
Node29,Node63,19
Node29,Node64,18
Node29,Node65,25
Node29,Node66,12
Node29,Node67,24
Node29,Node68,29
Node29,Node69,26
Node29,Node70,22
Node29,Node71,30
Node29,Node72,28
Node29,Node73,5
Node29,Node74,11
Node29,Node75,25
Node29,Node76,8
Node29,Node77,11
Node29,Node78,24
Node29,Node79,2
Node29,Node80,28
Node29,Node81,5
Node29,Node82,19
Node29,Node83,18
Node29,Node84,15
Node29,Node85,18
Node29,Node86,9
Node29,Node87,29
Node29,Node88,11
Node29,Node89,4
Node29,Node90,8
Node29,Node91,9
Node29,Node92,4
Node29,Node93,16
Node29,Node94,8
Node29,Node95,8
Node29,Node96,2
Node29,Node97,17
Node29,Node98,29
Node29,Node99,17
Node30,Node31,27
Node30,Node32,8
Node30,Node33,16
Node30,Node34,28
Node30,Node35,9
Node30,Node36,17
Node30,Node37,12
Node30,Node38,9
Node30,Node39,27
Node30,Node40,14
Node30,Node41,30
Node30,Node42,16
Node30,Node43,21
Node30,Node44,25
Node30,Node45,18
Node30,Node46,13
Node30,Node47,12
Node30,Node48,20
Node30,Node49,17
Node30,Node50,14
Node30,Node51,16
Node30,Node52,7
Node30,Node53,3
Node30,Node54,19
Node30,Node55,25
Node30,Node56,25
Node30,Node57,27
Node30,Node58,25
Node30,Node59,4
Node30,Node60,16
Node30,Node61,15
Node30,Node62,22
Node30,Node63,27
Node30,Node64,16
Node30,Node65,3
Node30,Node66,29
Node30,Node67,25
Node30,Node68,12
Node30,Node69,14
Node30,Node70,14
Node30,Node71,13
Node30,Node72,9
Node30,Node73,1
Node30,Node74,19
Node30,Node75,27
Node30,Node76,14
Node30,Node77,24
Node30,Node78,26
Node30,Node79,27
Node30,Node80,2
Node30,Node81,30
Node30,Node82,13
Node30,Node83,16
Node30,Node84,25
Node30,Node85,26
Node30,Node86,24
Node30,Node87,10
Node30,Node88,30
Node30,Node89,25
Node30,Node90,22
Node30,Node91,14
Node30,Node92,22
Node30,Node93,15
Node30,Node94,9
Node30,Node95,7
Node30,Node96,13
Node30,Node97,29
Node30,Node98,15
Node30,Node99,18
Node31,Node32,2
Node31,Node33,7
Node31,Node34,9
Node31,Node35,16
Node31,Node36,1
Node31,Node37,8
Node31,Node38,14
Node31,Node39,24
Node31,Node40,14
Node31,Node41,10
Node31,Node42,7
Node31,Node43,16
Node31,Node44,10
Node31,Node45,9
Node31,Node46,27
Node31,Node47,22
Node31,Node48,2
Node31,Node49,22
Node31,Node50,18
Node31,Node51,8
Node31,Node52,2
Node31,Node53,15
Node31,Node54,3
Node31,Node55,20
Node31,Node56,29
Node31,Node57,13
Node31,Node58,10
Node31,Node59,5
Node31,Node60,3
Node31,Node61,29
Node31,Node62,24
Node31,Node63,8
Node31,Node64,12
Node31,Node65,21
Node31,Node66,16
Node31,Node67,20
Node31,Node68,24
Node31,Node69,11
Node31,Node70,29
Node31,Node71,11
Node31,Node72,21
Node31,Node73,11
Node31,Node74,20
Node31,Node75,30
Node31,Node76,12
Node31,Node77,22
Node31,Node78,23
Node31,Node79,29
Node31,Node80,4
Node31,Node81,28
Node31,Node82,12
Node31,Node83,20
Node31,Node84,19
Node31,Node85,1
Node31,Node86,6
Node31,Node87,19
Node31,Node88,8
Node31,Node89,29
Node31,Node90,4
Node31,Node91,12
Node31,Node92,3
Node31,Node93,13
Node31,Node94,15
Node31,Node95,18
Node31,Node96,11
Node31,Node97,3
Node31,Node98,13
Node31,Node99,27
Node32,Node33,20
Node32,Node34,1
Node32,Node35,13
Node32,Node36,19
Node32,Node37,13
Node32,Node38,5
Node32,Node39,5
Node32,Node40,2
Node32,Node41,23
Node32,Node42,6
Node32,Node43,1
Node32,Node44,11
Node32,Node45,9
Node32,Node46,21
Node32,Node47,11
Node32,Node48,16
Node32,Node49,16
Node32,Node50,13
Node32,Node51,27
Node32,Node52,6
Node32,Node53,4
Node32,Node54,28
Node32,Node55,16
Node32,Node56,16
Node32,Node57,30
Node32,Node58,29
Node32,Node59,29
Node32,Node60,9
Node32,Node61,27
Node32,Node62,2
Node32,Node63,10
Node32,Node64,24
Node32,Node65,7
Node32,Node66,17
Node32,Node67,10
Node32,Node68,13
Node32,Node69,20
Node32,Node70,22
Node32,Node71,15
Node32,Node72,12
Node32,Node73,16
Node32,Node74,2
Node32,Node75,5
Node32,Node76,11
Node32,Node77,6
Node32,Node78,2
Node32,Node79,1
Node32,Node80,4
Node32,Node81,14
Node32,Node82,22
Node32,Node83,15
Node32,Node84,13
Node32,Node85,9
Node32,Node86,12
Node32,Node87,11
Node32,Node88,9
Node32,Node89,22
Node32,Node90,29
Node32,Node91,24
Node32,Node92,23
Node32,Node93,10
Node32,Node94,4
Node32,Node95,13
Node32,Node96,24
Node32,Node97,8
Node32,Node98,14
Node32,Node99,4
Node33,Node34,24
Node33,Node35,4
Node33,Node36,18
Node33,Node37,24
Node33,Node38,21
Node33,Node39,29
Node33,Node40,29
Node33,Node41,2
Node33,Node42,26
Node33,Node43,27
Node33,Node44,12
Node33,Node45,14
Node33,Node46,23
Node33,Node47,19
Node33,Node48,22
Node33,Node49,9
Node33,Node50,23
Node33,Node51,17
Node33,Node52,9
Node33,Node53,28
Node33,Node54,15
Node33,Node55,7
Node33,Node56,18
Node33,Node57,16
Node33,Node58,10
Node33,Node59,22
Node33,Node60,10
Node33,Node61,12
Node33,Node62,16
Node33,Node63,21
Node33,Node64,12
Node33,Node65,24
Node33,Node66,16
Node33,Node67,5
Node33,Node68,7
Node33,Node69,2
Node33,Node70,19
Node33,Node71,27
Node33,Node72,19
Node33,Node73,29
Node33,Node74,6
Node33,Node75,20
Node33,Node76,26
Node33,Node77,8
Node33,Node78,30
Node33,Node79,1
Node33,Node80,26
Node33,Node81,11
Node33,Node82,6
Node33,Node83,6
Node33,Node84,7
Node33,Node85,15
Node33,Node86,9
Node33,Node87,10
Node33,Node88,12
Node33,Node89,17
Node33,Node90,25
Node33,Node91,4
Node33,Node92,2
Node33,Node93,30
Node33,Node94,18
Node33,Node95,7
Node33,Node96,20
Node33,Node97,23
Node33,Node98,14
Node33,Node99,19
Node34,Node35,21
Node34,Node36,24
Node34,Node37,17
Node34,Node38,21
Node34,Node39,20
Node34,Node40,7
Node34,Node41,29
Node34,Node42,9
Node34,Node43,19
Node34,Node44,11
Node34,Node45,15
Node34,Node46,25
Node34,Node47,3
Node34,Node48,29
Node34,Node49,7
Node34,Node50,27
Node34,Node51,5
Node34,Node52,20
Node34,Node53,16
Node34,Node54,1
Node34,Node55,5
Node34,Node56,3
Node34,Node57,28
Node34,Node58,9
Node34,Node59,3
Node34,Node60,12
Node34,Node61,29
Node34,Node62,15
Node34,Node63,16
Node34,Node64,4
Node34,Node65,20
Node34,Node66,12
Node34,Node67,18
Node34,Node68,19
Node34,Node69,14
Node34,Node70,3
Node34,Node71,14
Node34,Node72,13
Node34,Node73,15
Node34,Node74,15
Node34,Node75,18
Node34,Node76,29
Node34,Node77,12
Node34,Node78,26
Node34,Node79,15
Node34,Node80,5
Node34,Node81,27
Node34,Node82,5
Node34,Node83,29
Node34,Node84,10
Node34,Node85,27
Node34,Node86,22
Node34,Node87,18
Node34,Node88,7
Node34,Node89,18
Node34,Node90,4
Node34,Node91,9
Node34,Node92,21
Node34,Node93,27
Node34,Node94,28
Node34,Node95,22
Node34,Node96,25
Node34,Node97,6
Node34,Node98,5
Node34,Node99,22
Node35,Node36,21
Node35,Node37,2
Node35,Node38,1
Node35,Node39,14
Node35,Node40,15
Node35,Node41,4
Node35,Node42,10
Node35,Node43,13
Node35,Node44,27
Node35,Node45,28
Node35,Node46,30
Node35,Node47,24
Node35,Node48,27
Node35,Node49,13
Node35,Node50,13
Node35,Node51,12
Node35,Node52,5
Node35,Node53,3
Node35,Node54,28
Node35,Node55,9
Node35,Node56,16
Node35,Node57,10
Node35,Node58,23
Node35,Node59,18
Node35,Node60,23
Node35,Node61,9
Node35,Node62,9
Node35,Node63,12
Node35,Node64,10
Node35,Node65,19
Node35,Node66,13
Node35,Node67,8
Node35,Node68,27
Node35,Node69,11
Node35,Node70,4
Node35,Node71,30
Node35,Node72,15
Node35,Node73,14
Node35,Node74,2
Node35,Node75,7
Node35,Node76,10
Node35,Node77,1
Node35,Node78,12
Node35,Node79,5
Node35,Node80,7
Node35,Node81,18
Node35,Node82,12
Node35,Node83,12
Node35,Node84,19
Node35,Node85,12
Node35,Node86,30
Node35,Node87,4
Node35,Node88,9
Node35,Node89,19
Node35,Node90,11
Node35,Node91,3
Node35,Node92,13
Node35,Node93,2
Node35,Node94,12
Node35,Node95,20
Node35,Node96,18
Node35,Node97,2
Node35,Node98,20
Node35,Node99,1
Node36,Node37,17
Node36,Node38,14
Node36,Node39,30
Node36,Node40,8
Node36,Node41,7
Node36,Node42,21
Node36,Node43,4
Node36,Node44,8
Node36,Node45,16
Node36,Node46,19
Node36,Node47,21
Node36,Node48,12
Node36,Node49,30
Node36,Node50,3
Node36,Node51,24
Node36,Node52,16
Node36,Node53,9
Node36,Node54,27
Node36,Node55,28
Node36,Node56,24
Node36,Node57,25
Node36,Node58,28
Node36,Node59,28
Node36,Node60,19
Node36,Node61,13
Node36,Node62,18
Node36,Node63,22
Node36,Node64,26
Node36,Node65,5
Node36,Node66,12
Node36,Node67,11
Node36,Node68,19
Node36,Node69,29
Node36,Node70,22
Node36,Node71,24
Node36,Node72,9
Node36,Node73,23
Node36,Node74,14
Node36,Node75,19
Node36,Node76,19
Node36,Node77,6
Node36,Node78,30
Node36,Node79,23
Node36,Node80,19
Node36,Node81,19
Node36,Node82,4
Node36,Node83,4
Node36,Node84,8
Node36,Node85,12
Node36,Node86,8
Node36,Node87,10
Node36,Node88,20
Node36,Node89,11
Node36,Node90,6
Node36,Node91,14
Node36,Node92,22
Node36,Node93,25
Node36,Node94,27
Node36,Node95,23
Node36,Node96,28
Node36,Node97,2
Node36,Node98,29
Node36,Node99,21
Node37,Node38,11
Node37,Node39,26
Node37,Node40,24
Node37,Node41,2
Node37,Node42,25
Node37,Node43,15
Node37,Node44,26
Node37,Node45,19
Node37,Node46,14
Node37,Node47,1
Node37,Node48,12
Node37,Node49,3
Node37,Node50,11
Node37,Node51,12
Node37,Node52,23
Node37,Node53,3
Node37,Node54,28
Node37,Node55,3
Node37,Node56,18
Node37,Node57,2
Node37,Node58,13
Node37,Node59,9
Node37,Node60,11
Node37,Node61,17
Node37,Node62,14
Node37,Node63,5
Node37,Node64,23
Node37,Node65,25
Node37,Node66,29
Node37,Node67,12
Node37,Node68,5
Node37,Node69,18
Node37,Node70,15
Node37,Node71,30
Node37,Node72,20
Node37,Node73,18
Node37,Node74,27
Node37,Node75,21
Node37,Node76,5
Node37,Node77,8
Node37,Node78,10
Node37,Node79,15
Node37,Node80,23
Node37,Node81,30
Node37,Node82,10
Node37,Node83,16
Node37,Node84,14
Node37,Node85,11
Node37,Node86,2
Node37,Node87,26
Node37,Node88,22
Node37,Node89,19
Node37,Node90,20
Node37,Node91,21
Node37,Node92,4
Node37,Node93,10
Node37,Node94,22
Node37,Node95,1
Node37,Node96,10
Node37,Node97,23
Node37,Node98,22
Node37,Node99,28
Node38,Node39,8
Node38,Node40,27
Node38,Node41,10
Node38,Node42,28
Node38,Node43,12
Node38,Node44,13
Node38,Node45,22
Node38,Node46,12
Node38,Node47,28
Node38,Node48,18
Node38,Node49,30
Node38,Node50,18
Node38,Node51,24
Node38,Node52,1
Node38,Node53,22
Node38,Node54,15
Node38,Node55,3
Node38,Node56,19
Node38,Node57,16
Node38,Node58,22
Node38,Node59,24
Node38,Node60,22
Node38,Node61,11
Node38,Node62,12
Node38,Node63,19
Node38,Node64,15
Node38,Node65,6
Node38,Node66,5
Node38,Node67,27
Node38,Node68,24
Node38,Node69,20
Node38,Node70,11
Node38,Node71,21
Node38,Node72,10
Node38,Node73,22
Node38,Node74,1
Node38,Node75,24
Node38,Node76,14
Node38,Node77,11
Node38,Node78,13
Node38,Node79,10
Node38,Node80,24
Node38,Node81,26
Node38,Node82,17
Node38,Node83,17
Node38,Node84,19
Node38,Node85,12
Node38,Node86,12
Node38,Node87,4
Node38,Node88,8
Node38,Node89,24
Node38,Node90,2
Node38,Node91,13
Node38,Node92,29
Node38,Node93,15
Node38,Node94,7
Node38,Node95,11
Node38,Node96,11
Node38,Node97,24
Node38,Node98,4
Node38,Node99,10
Node39,Node40,29
Node39,Node41,26
Node39,Node42,26
Node39,Node43,10
Node39,Node44,24
Node39,Node45,10
Node39,Node46,25
Node39,Node47,30
Node39,Node48,1
Node39,Node49,15
Node39,Node50,22
Node39,Node51,8
Node39,Node52,30
Node39,Node53,15
Node39,Node54,4
Node39,Node55,19
Node39,Node56,13
Node39,Node57,17
Node39,Node58,12
Node39,Node59,10
Node39,Node60,7
Node39,Node61,16
Node39,Node62,16
Node39,Node63,23
Node39,Node64,27
Node39,Node65,19
Node39,Node66,15
Node39,Node67,25
Node39,Node68,29
Node39,Node69,7
Node39,Node70,16
Node39,Node71,15
Node39,Node72,9
Node39,Node73,20
Node39,Node74,22
Node39,Node75,6
Node39,Node76,29
Node39,Node77,8
Node39,Node78,12
Node39,Node79,30
Node39,Node80,24
Node39,Node81,18
Node39,Node82,13
Node39,Node83,3
Node39,Node84,23
Node39,Node85,1
Node39,Node86,16
Node39,Node87,3
Node39,Node88,22
Node39,Node89,7
Node39,Node90,15
Node39,Node91,6
Node39,Node92,23
Node39,Node93,19
Node39,Node94,19
Node39,Node95,25
Node39,Node96,9
Node39,Node97,24
Node39,Node98,19
Node39,Node99,2
Node40,Node41,30
Node40,Node42,1
Node40,Node43,7
Node40,Node44,14
Node40,Node45,4
Node40,Node46,20
Node40,Node47,29
Node40,Node48,2
Node40,Node49,2
Node40,Node50,30
Node40,Node51,17
Node40,Node52,4
Node40,Node53,25
Node40,Node54,23
Node40,Node55,7
Node40,Node56,6
Node40,Node57,6
Node40,Node58,16
Node40,Node59,21
Node40,Node60,28
Node40,Node61,20
Node40,Node62,19
Node40,Node63,2
Node40,Node64,22
Node40,Node65,29
Node40,Node66,1
Node40,Node67,28
Node40,Node68,12
Node40,Node69,21
Node40,Node70,30
Node40,Node71,3
Node40,Node72,9
Node40,Node73,14
Node40,Node74,15
Node40,Node75,28
Node40,Node76,2
Node40,Node77,2
Node40,Node78,25
Node40,Node79,13
Node40,Node80,1
Node40,Node81,6
Node40,Node82,19
Node40,Node83,13
Node40,Node84,18
Node40,Node85,23
Node40,Node86,22
Node40,Node87,4
Node40,Node88,29
Node40,Node89,30
Node40,Node90,28
Node40,Node91,25
Node40,Node92,4
Node40,Node93,16
Node40,Node94,5
Node40,Node95,11
Node40,Node96,24
Node40,Node97,17
Node40,Node98,9
Node40,Node99,18
Node41,Node42,29
Node41,Node43,28
Node41,Node44,22
Node41,Node45,12
Node41,Node46,12
Node41,Node47,16
Node41,Node48,25
Node41,Node49,23
Node41,Node50,20
Node41,Node51,23
Node41,Node52,16
Node41,Node53,13
Node41,Node54,30
Node41,Node55,19
Node41,Node56,18
Node41,Node57,19
Node41,Node58,4
Node41,Node59,7
Node41,Node60,12
Node41,Node61,10
Node41,Node62,25
Node41,Node63,9
Node41,Node64,9
Node41,Node65,8
Node41,Node66,13
Node41,Node67,25
Node41,Node68,6
Node41,Node69,8
Node41,Node70,26
Node41,Node71,19
Node41,Node72,23
Node41,Node73,30
Node41,Node74,20
Node41,Node75,21
Node41,Node76,15
Node41,Node77,28
Node41,Node78,24
Node41,Node79,18
Node41,Node80,10
Node41,Node81,10
Node41,Node82,7
Node41,Node83,15
Node41,Node84,24
Node41,Node85,2
Node41,Node86,21
Node41,Node87,24
Node41,Node88,25
Node41,Node89,6
Node41,Node90,9
Node41,Node91,17
Node41,Node92,18
Node41,Node93,1
Node41,Node94,10
Node41,Node95,18
Node41,Node96,27
Node41,Node97,16
Node41,Node98,1
Node41,Node99,4
Node42,Node43,18
Node42,Node44,4
Node42,Node45,19
Node42,Node46,12
Node42,Node47,20
Node42,Node48,30
Node42,Node49,17
Node42,Node50,7
Node42,Node51,25
Node42,Node52,25
Node42,Node53,26
Node42,Node54,20
Node42,Node55,26
Node42,Node56,5
Node42,Node57,29
Node42,Node58,14
Node42,Node59,30
Node42,Node60,14
Node42,Node61,12
Node42,Node62,12
Node42,Node63,30
Node42,Node64,6
Node42,Node65,7
Node42,Node66,24
Node42,Node67,10
Node42,Node68,14
Node42,Node69,22
Node42,Node70,6
Node42,Node71,20
Node42,Node72,28
Node42,Node73,9
Node42,Node74,14
Node42,Node75,11
Node42,Node76,29
Node42,Node77,11
Node42,Node78,17
Node42,Node79,15
Node42,Node80,14
Node42,Node81,8
Node42,Node82,8
Node42,Node83,15
Node42,Node84,11
Node42,Node85,19
Node42,Node86,12
Node42,Node87,17
Node42,Node88,18
Node42,Node89,30
Node42,Node90,28
Node42,Node91,28
Node42,Node92,9
Node42,Node93,10
Node42,Node94,24
Node42,Node95,9
Node42,Node96,6
Node42,Node97,13
Node42,Node98,4
Node42,Node99,13
Node43,Node44,21
Node43,Node45,22
Node43,Node46,19
Node43,Node47,29
Node43,Node48,20
Node43,Node49,10
Node43,Node50,5
Node43,Node51,6
Node43,Node52,8
Node43,Node53,2
Node43,Node54,5
Node43,Node55,13
Node43,Node56,11
Node43,Node57,4
Node43,Node58,1
Node43,Node59,6
Node43,Node60,20
Node43,Node61,20
Node43,Node62,1
Node43,Node63,8
Node43,Node64,25
Node43,Node65,17
Node43,Node66,3
Node43,Node67,28
Node43,Node68,29
Node43,Node69,7
Node43,Node70,20
Node43,Node71,29
Node43,Node72,21
Node43,Node73,14
Node43,Node74,24
Node43,Node75,24
Node43,Node76,10
Node43,Node77,19
Node43,Node78,4
Node43,Node79,29
Node43,Node80,24
Node43,Node81,29
Node43,Node82,10
Node43,Node83,27
Node43,Node84,9
Node43,Node85,23
Node43,Node86,29
Node43,Node87,20
Node43,Node88,14
Node43,Node89,23
Node43,Node90,19
Node43,Node91,24
Node43,Node92,23
Node43,Node93,8
Node43,Node94,30
Node43,Node95,5
Node43,Node96,4
Node43,Node97,2
Node43,Node98,20
Node43,Node99,15
Node44,Node45,29
Node44,Node46,4
Node44,Node47,29
Node44,Node48,1
Node44,Node49,3
Node44,Node50,8
Node44,Node51,16
Node44,Node52,3
Node44,Node53,21
Node44,Node54,2
Node44,Node55,30
Node44,Node56,21
Node44,Node57,2
Node44,Node58,9
Node44,Node59,30
Node44,Node60,16
Node44,Node61,13
Node44,Node62,20
Node44,Node63,2
Node44,Node64,4
Node44,Node65,8
Node44,Node66,10
Node44,Node67,27
Node44,Node68,3
Node44,Node69,20
Node44,Node70,4
Node44,Node71,9
Node44,Node72,9
Node44,Node73,29
Node44,Node74,13
Node44,Node75,1
Node44,Node76,6
Node44,Node77,13
Node44,Node78,5
Node44,Node79,11
Node44,Node80,21
Node44,Node81,17
Node44,Node82,11
Node44,Node83,15
Node44,Node84,9
Node44,Node85,1
Node44,Node86,3
Node44,Node87,29
Node44,Node88,21
Node44,Node89,13
Node44,Node90,1
Node44,Node91,28
Node44,Node92,30
Node44,Node93,25
Node44,Node94,20
Node44,Node95,2
Node44,Node96,19
Node44,Node97,30
Node44,Node98,19
Node44,Node99,5
Node45,Node46,13
Node45,Node47,8
Node45,Node48,8
Node45,Node49,27
Node45,Node50,9
Node45,Node51,5
Node45,Node52,17
Node45,Node53,14
Node45,Node54,7
Node45,Node55,17
Node45,Node56,4
Node45,Node57,9
Node45,Node58,7
Node45,Node59,26
Node45,Node60,17
Node45,Node61,11
Node45,Node62,14
Node45,Node63,1
Node45,Node64,11
Node45,Node65,14
Node45,Node66,15
Node45,Node67,1
Node45,Node68,15
Node45,Node69,21
Node45,Node70,7
Node45,Node71,3
Node45,Node72,14
Node45,Node73,18
Node45,Node74,19
Node45,Node75,6
Node45,Node76,6
Node45,Node77,14
Node45,Node78,12
Node45,Node79,24
Node45,Node80,25
Node45,Node81,4
Node45,Node82,8
Node45,Node83,28
Node45,Node84,11
Node45,Node85,1
Node45,Node86,5
Node45,Node87,4
Node45,Node88,19
Node45,Node89,13
Node45,Node90,22
Node45,Node91,23
Node45,Node92,27
Node45,Node93,8
Node45,Node94,22
Node45,Node95,20
Node45,Node96,4
Node45,Node97,6
Node45,Node98,8
Node45,Node99,8
Node46,Node47,22
Node46,Node48,7
Node46,Node49,13
Node46,Node50,22
Node46,Node51,20
Node46,Node52,21
Node46,Node53,1
Node46,Node54,27
Node46,Node55,17
Node46,Node56,2
Node46,Node57,17
Node46,Node58,8
Node46,Node59,24
Node46,Node60,16
Node46,Node61,16
Node46,Node62,6
Node46,Node63,20
Node46,Node64,27
Node46,Node65,23
Node46,Node66,22
Node46,Node67,19
Node46,Node68,26
Node46,Node69,10
Node46,Node70,5
Node46,Node71,21
Node46,Node72,20
Node46,Node73,5
Node46,Node74,20
Node46,Node75,11
Node46,Node76,19
Node46,Node77,11
Node46,Node78,18
Node46,Node79,15
Node46,Node80,19
Node46,Node81,14
Node46,Node82,18
Node46,Node83,25
Node46,Node84,21
Node46,Node85,20
Node46,Node86,27
Node46,Node87,29
Node46,Node88,17
Node46,Node89,15
Node46,Node90,21
Node46,Node91,27
Node46,Node92,4
Node46,Node93,26
Node46,Node94,23
Node46,Node95,18
Node46,Node96,23
Node46,Node97,26
Node46,Node98,23
Node46,Node99,25
Node47,Node48,29
Node47,Node49,12
Node47,Node50,9
Node47,Node51,26
Node47,Node52,8
Node47,Node53,20
Node47,Node54,7
Node47,Node55,17
Node47,Node56,16
Node47,Node57,1
Node47,Node58,24
Node47,Node59,8
Node47,Node60,25
Node47,Node61,12
Node47,Node62,26
Node47,Node63,12
Node47,Node64,3
Node47,Node65,1
Node47,Node66,21
Node47,Node67,3
Node47,Node68,1
Node47,Node69,8
Node47,Node70,2
Node47,Node71,1
Node47,Node72,19
Node47,Node73,3
Node47,Node74,10
Node47,Node75,16
Node47,Node76,21
Node47,Node77,22
Node47,Node78,2
Node47,Node79,12
Node47,Node80,3
Node47,Node81,20
Node47,Node82,17
Node47,Node83,24
Node47,Node84,17
Node47,Node85,19
Node47,Node86,14
Node47,Node87,29
Node47,Node88,11
Node47,Node89,1
Node47,Node90,21
Node47,Node91,14
Node47,Node92,22
Node47,Node93,10
Node47,Node94,18
Node47,Node95,18
Node47,Node96,10
Node47,Node97,24
Node47,Node98,19
Node47,Node99,4
Node48,Node49,30
Node48,Node50,15
Node48,Node51,7
Node48,Node52,22
Node48,Node53,19
Node48,Node54,30
Node48,Node55,15
Node48,Node56,1
Node48,Node57,25
Node48,Node58,11
Node48,Node59,8
Node48,Node60,30
Node48,Node61,13
Node48,Node62,22
Node48,Node63,5
Node48,Node64,10
Node48,Node65,9
Node48,Node66,18
Node48,Node67,26
Node48,Node68,3
Node48,Node69,22
Node48,Node70,15
Node48,Node71,30
Node48,Node72,11
Node48,Node73,6
Node48,Node74,26
Node48,Node75,14
Node48,Node76,26
Node48,Node77,27
Node48,Node78,28
Node48,Node79,22
Node48,Node80,30
Node48,Node81,6
Node48,Node82,1
Node48,Node83,5
Node48,Node84,21
Node48,Node85,5
Node48,Node86,6
Node48,Node87,21
Node48,Node88,9
Node48,Node89,12
Node48,Node90,20
Node48,Node91,16
Node48,Node92,17
Node48,Node93,16
Node48,Node94,27
Node48,Node95,30
Node48,Node96,5
Node48,Node97,20
Node48,Node98,8
Node48,Node99,29
Node49,Node50,30
Node49,Node51,6
Node49,Node52,1
Node49,Node53,27
Node49,Node54,15
Node49,Node55,1
Node49,Node56,12
Node49,Node57,23
Node49,Node58,2
Node49,Node59,18
Node49,Node60,10
Node49,Node61,21
Node49,Node62,7
Node49,Node63,16
Node49,Node64,7
Node49,Node65,3
Node49,Node66,14
Node49,Node67,13
Node49,Node68,12
Node49,Node69,4
Node49,Node70,15
Node49,Node71,27
Node49,Node72,18
Node49,Node73,6
Node49,Node74,26
Node49,Node75,11
Node49,Node76,12
Node49,Node77,26
Node49,Node78,18
Node49,Node79,14
Node49,Node80,21
Node49,Node81,22
Node49,Node82,27
Node49,Node83,10
Node49,Node84,24
Node49,Node85,26
Node49,Node86,9
Node49,Node87,22
Node49,Node88,14
Node49,Node89,19
Node49,Node90,11
Node49,Node91,3
Node49,Node92,8
Node49,Node93,12
Node49,Node94,25
Node49,Node95,2
Node49,Node96,12
Node49,Node97,26
Node49,Node98,14
Node49,Node99,4
Node50,Node51,2
Node50,Node52,26
Node50,Node53,3
Node50,Node54,18
Node50,Node55,26
Node50,Node56,5
Node50,Node57,8
Node50,Node58,20
Node50,Node59,3
Node50,Node60,21
Node50,Node61,25
Node50,Node62,16
Node50,Node63,15
Node50,Node64,6
Node50,Node65,25
Node50,Node66,8
Node50,Node67,10
Node50,Node68,18
Node50,Node69,6
Node50,Node70,1
Node50,Node71,12
Node50,Node72,2
Node50,Node73,23
Node50,Node74,17
Node50,Node75,30
Node50,Node76,18
Node50,Node77,28
Node50,Node78,21
Node50,Node79,27
Node50,Node80,12
Node50,Node81,26
Node50,Node82,30
Node50,Node83,9
Node50,Node84,6
Node50,Node85,9
Node50,Node86,15
Node50,Node87,12
Node50,Node88,15
Node50,Node89,28
Node50,Node90,13
Node50,Node91,29
Node50,Node92,21
Node50,Node93,10
Node50,Node94,13
Node50,Node95,16
Node50,Node96,16
Node50,Node97,13
Node50,Node98,1
Node50,Node99,5
Node51,Node52,2
Node51,Node53,19
Node51,Node54,11
Node51,Node55,25
Node51,Node56,21
Node51,Node57,13
Node51,Node58,20
Node51,Node59,29
Node51,Node60,17
Node51,Node61,27
Node51,Node62,22
Node51,Node63,22
Node51,Node64,6
Node51,Node65,12
Node51,Node66,25
Node51,Node67,15
Node51,Node68,19
Node51,Node69,22
Node51,Node70,29
Node51,Node71,26
Node51,Node72,28
Node51,Node73,5
Node51,Node74,14
Node51,Node75,26
Node51,Node76,8
Node51,Node77,27
Node51,Node78,2
Node51,Node79,18
Node51,Node80,24
Node51,Node81,26
Node51,Node82,24
Node51,Node83,24
Node51,Node84,13
Node51,Node85,23
Node51,Node86,27
Node51,Node87,29
Node51,Node88,30
Node51,Node89,7
Node51,Node90,27
Node51,Node91,4
Node51,Node92,7
Node51,Node93,5
Node51,Node94,5
Node51,Node95,29
Node51,Node96,4
Node51,Node97,19
Node51,Node98,24
Node51,Node99,30
Node52,Node53,25
Node52,Node54,21
Node52,Node55,18
Node52,Node56,25
Node52,Node57,29
Node52,Node58,24
Node52,Node59,20
Node52,Node60,16
Node52,Node61,10
Node52,Node62,18
Node52,Node63,19
Node52,Node64,15
Node52,Node65,4
Node52,Node66,26
Node52,Node67,10
Node52,Node68,25
Node52,Node69,26
Node52,Node70,12
Node52,Node71,26
Node52,Node72,26
Node52,Node73,3
Node52,Node74,16
Node52,Node75,6
Node52,Node76,13
Node52,Node77,13
Node52,Node78,1
Node52,Node79,19
Node52,Node80,10
Node52,Node81,14
Node52,Node82,12
Node52,Node83,8
Node52,Node84,20
Node52,Node85,1
Node52,Node86,13
Node52,Node87,1
Node52,Node88,26
Node52,Node89,3
Node52,Node90,4
Node52,Node91,16
Node52,Node92,25
Node52,Node93,11
Node52,Node94,18
Node52,Node95,9
Node52,Node96,3
Node52,Node97,29
Node52,Node98,15
Node52,Node99,28
Node53,Node54,8
Node53,Node55,17
Node53,Node56,7
Node53,Node57,25
Node53,Node58,16
Node53,Node59,15
Node53,Node60,18
Node53,Node61,13
Node53,Node62,30
Node53,Node63,6
Node53,Node64,28
Node53,Node65,4
Node53,Node66,17
Node53,Node67,9
Node53,Node68,23
Node53,Node69,11
Node53,Node70,26
Node53,Node71,20
Node53,Node72,18
Node53,Node73,17
Node53,Node74,3
Node53,Node75,1
Node53,Node76,6
Node53,Node77,22
Node53,Node78,29
Node53,Node79,6
Node53,Node80,28
Node53,Node81,8
Node53,Node82,25
Node53,Node83,26
Node53,Node84,3
Node53,Node85,22
Node53,Node86,6
Node53,Node87,10
Node53,Node88,15
Node53,Node89,23
Node53,Node90,5
Node53,Node91,15
Node53,Node92,20
Node53,Node93,3
Node53,Node94,6
Node53,Node95,12
Node53,Node96,6
Node53,Node97,18
Node53,Node98,23
Node53,Node99,1
Node54,Node55,30
Node54,Node56,12
Node54,Node57,17
Node54,Node58,30
Node54,Node59,24
Node54,Node60,1
Node54,Node61,6
Node54,Node62,6
Node54,Node63,14
Node54,Node64,19
Node54,Node65,13
Node54,Node66,3
Node54,Node67,11
Node54,Node68,17
Node54,Node69,13
Node54,Node70,3
Node54,Node71,16
Node54,Node72,5
Node54,Node73,15
Node54,Node74,7
Node54,Node75,20
Node54,Node76,23
Node54,Node77,11
Node54,Node78,11
Node54,Node79,3
Node54,Node80,9
Node54,Node81,23
Node54,Node82,10
Node54,Node83,25
Node54,Node84,30
Node54,Node85,26
Node54,Node86,9
Node54,Node87,11
Node54,Node88,9
Node54,Node89,12
Node54,Node90,16
Node54,Node91,12
Node54,Node92,24
Node54,Node93,18
Node54,Node94,20
Node54,Node95,12
Node54,Node96,27
Node54,Node97,15
Node54,Node98,30
Node54,Node99,8
Node55,Node56,26
Node55,Node57,18
Node55,Node58,1
Node55,Node59,9
Node55,Node60,15
Node55,Node61,10
Node55,Node62,20
Node55,Node63,8
Node55,Node64,19
Node55,Node65,28
Node55,Node66,23
Node55,Node67,23
Node55,Node68,23
Node55,Node69,22
Node55,Node70,27
Node55,Node71,22
Node55,Node72,8
Node55,Node73,24
Node55,Node74,12
Node55,Node75,3
Node55,Node76,5
Node55,Node77,30
Node55,Node78,5
Node55,Node79,9
Node55,Node80,9
Node55,Node81,15
Node55,Node82,11
Node55,Node83,13
Node55,Node84,28
Node55,Node85,10
Node55,Node86,28
Node55,Node87,12
Node55,Node88,10
Node55,Node89,27
Node55,Node90,2
Node55,Node91,5
Node55,Node92,18
Node55,Node93,6
Node55,Node94,29
Node55,Node95,1
Node55,Node96,12
Node55,Node97,1
Node55,Node98,9
Node55,Node99,6
Node56,Node57,29
Node56,Node58,14
Node56,Node59,29
Node56,Node60,18
Node56,Node61,22
Node56,Node62,15
Node56,Node63,28
Node56,Node64,17
Node56,Node65,9
Node56,Node66,20
Node56,Node67,30
Node56,Node68,20
Node56,Node69,1
Node56,Node70,26
Node56,Node71,12
Node56,Node72,19
Node56,Node73,3
Node56,Node74,12
Node56,Node75,13
Node56,Node76,27
Node56,Node77,8
Node56,Node78,13
Node56,Node79,2
Node56,Node80,29
Node56,Node81,23
Node56,Node82,5
Node56,Node83,10
Node56,Node84,9
Node56,Node85,9
Node56,Node86,24
Node56,Node87,14
Node56,Node88,19
Node56,Node89,30
Node56,Node90,3
Node56,Node91,28
Node56,Node92,2
Node56,Node93,14
Node56,Node94,24
Node56,Node95,29
Node56,Node96,29
Node56,Node97,24
Node56,Node98,7
Node56,Node99,23
Node57,Node58,16
Node57,Node59,2
Node57,Node60,6
Node57,Node61,9
Node57,Node62,23
Node57,Node63,3
Node57,Node64,19
Node57,Node65,10
Node57,Node66,22
Node57,Node67,4
Node57,Node68,10
Node57,Node69,28
Node57,Node70,17
Node57,Node71,21
Node57,Node72,20
Node57,Node73,28
Node57,Node74,13
Node57,Node75,12
Node57,Node76,22
Node57,Node77,20
Node57,Node78,15
Node57,Node79,4
Node57,Node80,4
Node57,Node81,22
Node57,Node82,13
Node57,Node83,8
Node57,Node84,18
Node57,Node85,19
Node57,Node86,9
Node57,Node87,6
Node57,Node88,29
Node57,Node89,7
Node57,Node90,26
Node57,Node91,21
Node57,Node92,14
Node57,Node93,19
Node57,Node94,5
Node57,Node95,19
Node57,Node96,22
Node57,Node97,9
Node57,Node98,27
Node57,Node99,24
Node58,Node59,2
Node58,Node60,22
Node58,Node61,26
Node58,Node62,5
Node58,Node63,16
Node58,Node64,26
Node58,Node65,8
Node58,Node66,23
Node58,Node67,10
Node58,Node68,17
Node58,Node69,27
Node58,Node70,20
Node58,Node71,22
Node58,Node72,29
Node58,Node73,14
Node58,Node74,13
Node58,Node75,13
Node58,Node76,25
Node58,Node77,20
Node58,Node78,23
Node58,Node79,25
Node58,Node80,5
Node58,Node81,14
Node58,Node82,5
Node58,Node83,7
Node58,Node84,30
Node58,Node85,4
Node58,Node86,19
Node58,Node87,15
Node58,Node88,24
Node58,Node89,1
Node58,Node90,24
Node58,Node91,29
Node58,Node92,7
Node58,Node93,11
Node58,Node94,12
Node58,Node95,4
Node58,Node96,19
Node58,Node97,10
Node58,Node98,13
Node58,Node99,20
Node59,Node60,1
Node59,Node61,29
Node59,Node62,14
Node59,Node63,29
Node59,Node64,20
Node59,Node65,15
Node59,Node66,1
Node59,Node67,4
Node59,Node68,29
Node59,Node69,15
Node59,Node70,30
Node59,Node71,18
Node59,Node72,18
Node59,Node73,12
Node59,Node74,25
Node59,Node75,9
Node59,Node76,6
Node59,Node77,17
Node59,Node78,12
Node59,Node79,17
Node59,Node80,19
Node59,Node81,13
Node59,Node82,27
Node59,Node83,17
Node59,Node84,13
Node59,Node85,10
Node59,Node86,19
Node59,Node87,16
Node59,Node88,4
Node59,Node89,18
Node59,Node90,10
Node59,Node91,11
Node59,Node92,6
Node59,Node93,9
Node59,Node94,10
Node59,Node95,19
Node59,Node96,13
Node59,Node97,5
Node59,Node98,30
Node59,Node99,4
Node60,Node61,15
Node60,Node62,5
Node60,Node63,3
Node60,Node64,17
Node60,Node65,20
Node60,Node66,30
Node60,Node67,23
Node60,Node68,20
Node60,Node69,28
Node60,Node70,3
Node60,Node71,23
Node60,Node72,11
Node60,Node73,24
Node60,Node74,10
Node60,Node75,25
Node60,Node76,21
Node60,Node77,10
Node60,Node78,23
Node60,Node79,7
Node60,Node80,2
Node60,Node81,26
Node60,Node82,8
Node60,Node83,22
Node60,Node84,5
Node60,Node85,22
Node60,Node86,25
Node60,Node87,3
Node60,Node88,28
Node60,Node89,7
Node60,Node90,6
Node60,Node91,12
Node60,Node92,16
Node60,Node93,30
Node60,Node94,8
Node60,Node95,11
Node60,Node96,12
Node60,Node97,28
Node60,Node98,17
Node60,Node99,5
Node61,Node62,17
Node61,Node63,14
Node61,Node64,4
Node61,Node65,14
Node61,Node66,12
Node61,Node67,1
Node61,Node68,3
Node61,Node69,10
Node61,Node70,20
Node61,Node71,21
Node61,Node72,16
Node61,Node73,25
Node61,Node74,19
Node61,Node75,12
Node61,Node76,14
Node61,Node77,13
Node61,Node78,3
Node61,Node79,11
Node61,Node80,21
Node61,Node81,16
Node61,Node82,30
Node61,Node83,13
Node61,Node84,15
Node61,Node85,26
Node61,Node86,28
Node61,Node87,12
Node61,Node88,28
Node61,Node89,28
Node61,Node90,16
Node61,Node91,17
Node61,Node92,4
Node61,Node93,25
Node61,Node94,27
Node61,Node95,30
Node61,Node96,11
Node61,Node97,26
Node61,Node98,6
Node61,Node99,13
Node62,Node63,22
Node62,Node64,15
Node62,Node65,22
Node62,Node66,9
Node62,Node67,12
Node62,Node68,8
Node62,Node69,7
Node62,Node70,12
Node62,Node71,11
Node62,Node72,11
Node62,Node73,27
Node62,Node74,19
Node62,Node75,14
Node62,Node76,11
Node62,Node77,18
Node62,Node78,23
Node62,Node79,9
Node62,Node80,4
Node62,Node81,7
Node62,Node82,19
Node62,Node83,24
Node62,Node84,22
Node62,Node85,2
Node62,Node86,20
Node62,Node87,4
Node62,Node88,9
Node62,Node89,17
Node62,Node90,19
Node62,Node91,23
Node62,Node92,7
Node62,Node93,19
Node62,Node94,7
Node62,Node95,17
Node62,Node96,30
Node62,Node97,26
Node62,Node98,25
Node62,Node99,16
Node63,Node64,22
Node63,Node65,4
Node63,Node66,3
Node63,Node67,19
Node63,Node68,23
Node63,Node69,20
Node63,Node70,8
Node63,Node71,26
Node63,Node72,4
Node63,Node73,14
Node63,Node74,14
Node63,Node75,5
Node63,Node76,5
Node63,Node77,3
Node63,Node78,1
Node63,Node79,1
Node63,Node80,10
Node63,Node81,19
Node63,Node82,8
Node63,Node83,3
Node63,Node84,26
Node63,Node85,2
Node63,Node86,17
Node63,Node87,12
Node63,Node88,26
Node63,Node89,10
Node63,Node90,29
Node63,Node91,28
Node63,Node92,16
Node63,Node93,9
Node63,Node94,18
Node63,Node95,29
Node63,Node96,16
Node63,Node97,20
Node63,Node98,25
Node63,Node99,12
Node64,Node65,19
Node64,Node66,25
Node64,Node67,15
Node64,Node68,15
Node64,Node69,24
Node64,Node70,19
Node64,Node71,18
Node64,Node72,25
Node64,Node73,6
Node64,Node74,3
Node64,Node75,19
Node64,Node76,26
Node64,Node77,11
Node64,Node78,14
Node64,Node79,23
Node64,Node80,17
Node64,Node81,9
Node64,Node82,23
Node64,Node83,2
Node64,Node84,16
Node64,Node85,14
Node64,Node86,7
Node64,Node87,16
Node64,Node88,19
Node64,Node89,18
Node64,Node90,8
Node64,Node91,15
Node64,Node92,9
Node64,Node93,29
Node64,Node94,29
Node64,Node95,10
Node64,Node96,4
Node64,Node97,25
Node64,Node98,26
Node64,Node99,15
Node65,Node66,8
Node65,Node67,1
Node65,Node68,27
Node65,Node69,29
Node65,Node70,2
Node65,Node71,5
Node65,Node72,8
Node65,Node73,10
Node65,Node74,26
Node65,Node75,25
Node65,Node76,7
Node65,Node77,20
Node65,Node78,23
Node65,Node79,26
Node65,Node80,1
Node65,Node81,3
Node65,Node82,29
Node65,Node83,1
Node65,Node84,14
Node65,Node85,23
Node65,Node86,7
Node65,Node87,19
Node65,Node88,26
Node65,Node89,22
Node65,Node90,2
Node65,Node91,16
Node65,Node92,5
Node65,Node93,30
Node65,Node94,14
Node65,Node95,15
Node65,Node96,24
Node65,Node97,26
Node65,Node98,20
Node65,Node99,23
Node66,Node67,30
Node66,Node68,9
Node66,Node69,8
Node66,Node70,19
Node66,Node71,13
Node66,Node72,12
Node66,Node73,17
Node66,Node74,24
Node66,Node75,3
Node66,Node76,15
Node66,Node77,24
Node66,Node78,3
Node66,Node79,26
Node66,Node80,26
Node66,Node81,10
Node66,Node82,2
Node66,Node83,25
Node66,Node84,8
Node66,Node85,28
Node66,Node86,6
Node66,Node87,11
Node66,Node88,14
Node66,Node89,15
Node66,Node90,24
Node66,Node91,1
Node66,Node92,21
Node66,Node93,24
Node66,Node94,27
Node66,Node95,23
Node66,Node96,25
Node66,Node97,1
Node66,Node98,8
Node66,Node99,2
Node67,Node68,8
Node67,Node69,8
Node67,Node70,6
Node67,Node71,27
Node67,Node72,30
Node67,Node73,3
Node67,Node74,27
Node67,Node75,18
Node67,Node76,5
Node67,Node77,13
Node67,Node78,17
Node67,Node79,25
Node67,Node80,13
Node67,Node81,19
Node67,Node82,8
Node67,Node83,28
Node67,Node84,26
Node67,Node85,26
Node67,Node86,21
Node67,Node87,19
Node67,Node88,29
Node67,Node89,24
Node67,Node90,23
Node67,Node91,1
Node67,Node92,25
Node67,Node93,14
Node67,Node94,22
Node67,Node95,16
Node67,Node96,20
Node67,Node97,13
Node67,Node98,23
Node67,Node99,26
Node68,Node69,22
Node68,Node70,28
Node68,Node71,26
Node68,Node72,10
Node68,Node73,24
Node68,Node74,22
Node68,Node75,13
Node68,Node76,19
Node68,Node77,9
Node68,Node78,17
Node68,Node79,21
Node68,Node80,15
Node68,Node81,18
Node68,Node82,23
Node68,Node83,27
Node68,Node84,17
Node68,Node85,12
Node68,Node86,23
Node68,Node87,29
Node68,Node88,6
Node68,Node89,2
Node68,Node90,20
Node68,Node91,2
Node68,Node92,6
Node68,Node93,5
Node68,Node94,12
Node68,Node95,30
Node68,Node96,25
Node68,Node97,27
Node68,Node98,28
Node68,Node99,4
Node69,Node70,2
Node69,Node71,6
Node69,Node72,3
Node69,Node73,2
Node69,Node74,29
Node69,Node75,29
Node69,Node76,29
Node69,Node77,23
Node69,Node78,2
Node69,Node79,24
Node69,Node80,8
Node69,Node81,12
Node69,Node82,2
Node69,Node83,5
Node69,Node84,9
Node69,Node85,19
Node69,Node86,17
Node69,Node87,27
Node69,Node88,20
Node69,Node89,13
Node69,Node90,4
Node69,Node91,14
Node69,Node92,15
Node69,Node93,30
Node69,Node94,10
Node69,Node95,17
Node69,Node96,6
Node69,Node97,21
Node69,Node98,6
Node69,Node99,17
Node70,Node71,11
Node70,Node72,26
Node70,Node73,11
Node70,Node74,23
Node70,Node75,16
Node70,Node76,6
Node70,Node77,25
Node70,Node78,28
Node70,Node79,22
Node70,Node80,9
Node70,Node81,2
Node70,Node82,26
Node70,Node83,25
Node70,Node84,16
Node70,Node85,19
Node70,Node86,19
Node70,Node87,30
Node70,Node88,22
Node70,Node89,21
Node70,Node90,23
Node70,Node91,27
Node70,Node92,9
Node70,Node93,17
Node70,Node94,2
Node70,Node95,23
Node70,Node96,26
Node70,Node97,13
Node70,Node98,20
Node70,Node99,24
Node71,Node72,19
Node71,Node73,19
Node71,Node74,3
Node71,Node75,8
Node71,Node76,15
Node71,Node77,5
Node71,Node78,23
Node71,Node79,3
Node71,Node80,6
Node71,Node81,10
Node71,Node82,16
Node71,Node83,12
Node71,Node84,20
Node71,Node85,13
Node71,Node86,23
Node71,Node87,12
Node71,Node88,12
Node71,Node89,19
Node71,Node90,18
Node71,Node91,1
Node71,Node92,14
Node71,Node93,1
Node71,Node94,12
Node71,Node95,25
Node71,Node96,17
Node71,Node97,8
Node71,Node98,28
Node71,Node99,14
Node72,Node73,5
Node72,Node74,29
Node72,Node75,15
Node72,Node76,16
Node72,Node77,25
Node72,Node78,27
Node72,Node79,26
Node72,Node80,1
Node72,Node81,23
Node72,Node82,2
Node72,Node83,2
Node72,Node84,3
Node72,Node85,19
Node72,Node86,5
Node72,Node87,4
Node72,Node88,16
Node72,Node89,12
Node72,Node90,15
Node72,Node91,25
Node72,Node92,11
Node72,Node93,22
Node72,Node94,28
Node72,Node95,13
Node72,Node96,3
Node72,Node97,4
Node72,Node98,15
Node72,Node99,23
Node73,Node74,1
Node73,Node75,14
Node73,Node76,21
Node73,Node77,13
Node73,Node78,9
Node73,Node79,28
Node73,Node80,29
Node73,Node81,18
Node73,Node82,10
Node73,Node83,9
Node73,Node84,10
Node73,Node85,4
Node73,Node86,20
Node73,Node87,22
Node73,Node88,13
Node73,Node89,16
Node73,Node90,17
Node73,Node91,22
Node73,Node92,24
Node73,Node93,1
Node73,Node94,2
Node73,Node95,11
Node73,Node96,27
Node73,Node97,6
Node73,Node98,19
Node73,Node99,11
Node74,Node75,3
Node74,Node76,29
Node74,Node77,12
Node74,Node78,24
Node74,Node79,24
Node74,Node80,3
Node74,Node81,15
Node74,Node82,29
Node74,Node83,16
Node74,Node84,2
Node74,Node85,8
Node74,Node86,1
Node74,Node87,14
Node74,Node88,26
Node74,Node89,11
Node74,Node90,10
Node74,Node91,23
Node74,Node92,7
Node74,Node93,23
Node74,Node94,1
Node74,Node95,26
Node74,Node96,21
Node74,Node97,6
Node74,Node98,19
Node74,Node99,12
Node75,Node76,5
Node75,Node77,6
Node75,Node78,3
Node75,Node79,24
Node75,Node80,5
Node75,Node81,13
Node75,Node82,3
Node75,Node83,12
Node75,Node84,26
Node75,Node85,14
Node75,Node86,18
Node75,Node87,8
Node75,Node88,5
Node75,Node89,26
Node75,Node90,4
Node75,Node91,8
Node75,Node92,5
Node75,Node93,23
Node75,Node94,27
Node75,Node95,5
Node75,Node96,24
Node75,Node97,11
Node75,Node98,21
Node75,Node99,26
Node76,Node77,14
Node76,Node78,8
Node76,Node79,16
Node76,Node80,1
Node76,Node81,1
Node76,Node82,3
Node76,Node83,15
Node76,Node84,9
Node76,Node85,27
Node76,Node86,1
Node76,Node87,22
Node76,Node88,27
Node76,Node89,7
Node76,Node90,26
Node76,Node91,13
Node76,Node92,17
Node76,Node93,9
Node76,Node94,30
Node76,Node95,13
Node76,Node96,5
Node76,Node97,20
Node76,Node98,7
Node76,Node99,16
Node77,Node78,5
Node77,Node79,17
Node77,Node80,8
Node77,Node81,8
Node77,Node82,26
Node77,Node83,8
Node77,Node84,5
Node77,Node85,17
Node77,Node86,18
Node77,Node87,7
Node77,Node88,27
Node77,Node89,20
Node77,Node90,2
Node77,Node91,7
Node77,Node92,25
Node77,Node93,29
Node77,Node94,2
Node77,Node95,18
Node77,Node96,25
Node77,Node97,20
Node77,Node98,28
Node77,Node99,15
Node78,Node79,24
Node78,Node80,24
Node78,Node81,7
Node78,Node82,25
Node78,Node83,5
Node78,Node84,5
Node78,Node85,9
Node78,Node86,27
Node78,Node87,21
Node78,Node88,11
Node78,Node89,26
Node78,Node90,22
Node78,Node91,29
Node78,Node92,5
Node78,Node93,19
Node78,Node94,18
Node78,Node95,13
Node78,Node96,3
Node78,Node97,7
Node78,Node98,18
Node78,Node99,8
Node79,Node80,23
Node79,Node81,26
Node79,Node82,13
Node79,Node83,24
Node79,Node84,8
Node79,Node85,6
Node79,Node86,30
Node79,Node87,2
Node79,Node88,1
Node79,Node89,18
Node79,Node90,6
Node79,Node91,29
Node79,Node92,6
Node79,Node93,28
Node79,Node94,17
Node79,Node95,14
Node79,Node96,4
Node79,Node97,12
Node79,Node98,21
Node79,Node99,3
Node80,Node81,16
Node80,Node82,27
Node80,Node83,12
Node80,Node84,14
Node80,Node85,16
Node80,Node86,28
Node80,Node87,30
Node80,Node88,30
Node80,Node89,4
Node80,Node90,3
Node80,Node91,12
Node80,Node92,17
Node80,Node93,22
Node80,Node94,6
Node80,Node95,5
Node80,Node96,4
Node80,Node97,10
Node80,Node98,24
Node80,Node99,26
Node81,Node82,21
Node81,Node83,24
Node81,Node84,1
Node81,Node85,30
Node81,Node86,17
Node81,Node87,5
Node81,Node88,13
Node81,Node89,12
Node81,Node90,2
Node81,Node91,7
Node81,Node92,9
Node81,Node93,2
Node81,Node94,19
Node81,Node95,16
Node81,Node96,27
Node81,Node97,6
Node81,Node98,15
Node81,Node99,17
Node82,Node83,5
Node82,Node84,19
Node82,Node85,9
Node82,Node86,27
Node82,Node87,4
Node82,Node88,7
Node82,Node89,7
Node82,Node90,24
Node82,Node91,29
Node82,Node92,29
Node82,Node93,14
Node82,Node94,14
Node82,Node95,28
Node82,Node96,29
Node82,Node97,7
Node82,Node98,3
Node82,Node99,6
Node83,Node84,19
Node83,Node85,30
Node83,Node86,14
Node83,Node87,25
Node83,Node88,21
Node83,Node89,29
Node83,Node90,30
Node83,Node91,30
Node83,Node92,15
Node83,Node93,2
Node83,Node94,23
Node83,Node95,3
Node83,Node96,6
Node83,Node97,27
Node83,Node98,26
Node83,Node99,28
Node84,Node85,13
Node84,Node86,21
Node84,Node87,17
Node84,Node88,14
Node84,Node89,18
Node84,Node90,3
Node84,Node91,27
Node84,Node92,25
Node84,Node93,26
Node84,Node94,26
Node84,Node95,16
Node84,Node96,19
Node84,Node97,11
Node84,Node98,3
Node84,Node99,21
Node85,Node86,29
Node85,Node87,13
Node85,Node88,25
Node85,Node89,17
Node85,Node90,12
Node85,Node91,3
Node85,Node92,17
Node85,Node93,24
Node85,Node94,8
Node85,Node95,12
Node85,Node96,19
Node85,Node97,11
Node85,Node98,16
Node85,Node99,17
Node86,Node87,23
Node86,Node88,29
Node86,Node89,17
Node86,Node90,2
Node86,Node91,18
Node86,Node92,23
Node86,Node93,16
Node86,Node94,3
Node86,Node95,3
Node86,Node96,6
Node86,Node97,29
Node86,Node98,18
Node86,Node99,12
Node87,Node88,9
Node87,Node89,22
Node87,Node90,5
Node87,Node91,19
Node87,Node92,12
Node87,Node93,9
Node87,Node94,12
Node87,Node95,2
Node87,Node96,20
Node87,Node97,27
Node87,Node98,5
Node87,Node99,20
Node88,Node89,29
Node88,Node90,25
Node88,Node91,4
Node88,Node92,22
Node88,Node93,11
Node88,Node94,8
Node88,Node95,4
Node88,Node96,30
Node88,Node97,27
Node88,Node98,26
Node88,Node99,22
Node89,Node90,24
Node89,Node91,4
Node89,Node92,26
Node89,Node93,10
Node89,Node94,22
Node89,Node95,21
Node89,Node96,25
Node89,Node97,2
Node89,Node98,18
Node89,Node99,12
Node90,Node91,28
Node90,Node92,11
Node90,Node93,3
Node90,Node94,18
Node90,Node95,21
Node90,Node96,20
Node90,Node97,15
Node90,Node98,15
Node90,Node99,13
Node91,Node92,22
Node91,Node93,29
Node91,Node94,17
Node91,Node95,26
Node91,Node96,3
Node91,Node97,26
Node91,Node98,8
Node91,Node99,1
Node92,Node93,2
Node92,Node94,6
Node92,Node95,1
Node92,Node96,26
Node92,Node97,30
Node92,Node98,17
Node92,Node99,15
Node93,Node94,18
Node93,Node95,24
Node93,Node96,10
Node93,Node97,28
Node93,Node98,20
Node93,Node99,27
Node94,Node95,9
Node94,Node96,28
Node94,Node97,23
Node94,Node98,29
Node94,Node99,16
Node95,Node96,6
Node95,Node97,18
Node95,Node98,27
Node95,Node99,24
Node96,Node97,10
Node96,Node98,10
Node96,Node99,29
Node97,Node98,14
Node97,Node99,3
Node98,Node99,14
